"","3","7","10","13","17","21","24","27","31","35","38","41","45","49","52","55"
"CNAG_01455",-2.04717193572593,-2.04529880347173,-1.9994077926545,-1.98541071925727,0.739258316742447,0.930850982258486,0.66940601189396,0.64127512607867,0.39007323463106,0.54260438994149,0.838624514914718,0.520817854262244,0.911824955817991,0.79705136004749,0.674530530876144,0.42097197364475
"CNAG_01551",1.06123871175431,1.01022650239507,0.959436627203081,1.21285781379581,1.15083983105049,1.20091514929066,1.07511285554668,1.20565123970926,-0.720169390235029,-0.766668682054361,-0.814962066023401,-0.818489772004703,-1.42583018652575,-1.38903247729825,-1.53099153885907,-1.41013461774482
"CNAG_06811",-1.9656247155594,-1.97416284813198,-1.92719285799773,-1.86873446459496,0.56674179570471,0.725723918744963,0.714068944972439,0.474731226282975,0.708159937773932,0.67119167940826,0.923141314943807,0.448246478092489,0.788103103936916,0.69260686278508,0.592879900440545,0.43011972319796
"CNAG_06242",0.85808183057738,1.05688085143535,0.812532140507308,0.919437262321606,1.08208751197845,1.22511865191494,0.898037797385095,0.983704577745385,-1.09439801105382,-0.708712309003459,-0.938214220518807,-0.707777496900112,-1.17890549754546,-0.989247986107847,-1.22897906017441,-0.98964604256159
"CNAG_06980",-1.7362800555148,-1.73733230338166,-1.69941339208392,-1.62087472641051,0.588707846336856,0.455006262358793,0.577357664758038,0.717885106127447,0.676375148581259,0.470195512763723,0.705599577312132,0.520352286887578,0.526708610966379,0.568469373456136,0.441148632847852,0.546094454994684
"CNAG_07411",-1.6641849915192,-1.65452549289861,-1.63413065929974,-1.5382942986361,0.575729985336983,0.539246868587243,0.502494423393419,0.682912824968488,0.516385818106553,0.51438658496385,0.498876718071667,0.678944797304665,0.471234641049051,0.524667217853175,0.409200043190996,0.57705551952755
"CNAG_06806",-1.64218217542618,-1.64336954802389,-1.59947336180592,-1.51320163762129,0.581574008694817,0.683744833296132,0.530414460047909,0.523222491823407,0.494746568033765,0.367347725760666,0.779154641103535,0.31282323712969,0.72202176624503,0.67491209485382,0.548498929990144,0.179765965898351
"CNAG_06971",-1.60671023344527,-1.60793400557113,-1.52616035084914,-1.42928985483704,0.589842787280723,0.556009707054288,0.626085454355715,0.661007328975877,0.516133826536077,0.440308447929683,0.712529817352502,0.379447636752714,0.534385843590233,0.515634119139959,0.281115685313287,0.357593790421518
"CNAG_07004",-1.55952211219008,-1.5459390393622,-1.58327193086379,-1.3120840452273,0.522198656485292,0.736673256583243,0.566610025649601,0.50337167480385,0.456144256561705,0.494970037062947,0.590529644233218,0.259866506946315,0.387686345565683,0.672845621969023,0.319571116260137,0.490349985522345
"CNAG_07408",-1.52582412737173,-1.54018600488397,-1.50446972783881,-1.39960741839382,0.531157897260988,0.451732023803116,0.454676798816436,0.595941780141635,0.46174974968018,0.474068618156524,0.519804832378336,0.638289925532286,0.480817029724708,0.455606969541282,0.413172286469203,0.493069366983621
"CNAG_04874",1.00256931072726,1.08988460797609,0.745190797870945,0.76691255742751,0.902066238484412,0.871198025930239,0.761268041920649,0.632831011364395,-0.628930690994396,-0.762859244563765,-0.831053616995646,-0.831768924964018,-0.976757938388024,-0.915749883394854,-1.01883811229945,-0.805962180101353
"CNAG_00456",1.0030257960401,1.18461184969744,0.234341386447271,0.785785945912856,1.05814429269699,1.14439653894605,0.476874979382403,0.508318484886733,-0.702559643090796,-0.903619421311848,-0.73507069777988,-0.745082834055802,-0.8872739941493,-0.822199711721632,-0.828323896391668,-0.771369075508904
"CNAG_06809",-1.4725018312867,-1.48777267933838,-1.43612476422022,-1.32566745671781,0.382270267575686,0.38910932991806,0.485624680054944,0.631356085749459,0.48594501464007,0.385716000301976,0.601440451161107,0.365533941252265,0.415097959417785,0.634501029639489,0.370591072613376,0.574880899238899
"CNAG_06917",0.811466159683013,1.19405578095073,0.327223628412485,0.660713326586647,1.12228730876003,1.11401618030215,0.520458634932123,0.492581536098173,-0.560483112164107,-0.736762854379236,-0.541153751724476,-0.759759534932392,-0.763353129457849,-1.02988042333308,-0.8117584854987,-1.03965126423551
"CNAG_14001",-1.46044722845377,-1.44747590852693,-1.42384055758488,-1.31546891960379,0.530395968502188,0.45003669944566,0.360364944218396,0.474961420394826,0.491579076020032,0.334102192750962,0.473819291379992,0.491661493810397,0.520986685939326,0.498076182016001,0.542527689116121,0.478720970575467
"CNAG_06812",-1.42775299128634,-1.44379463257776,-1.40528504478228,-1.31467203638248,0.351045993871725,0.468187151473275,0.66865863006176,0.623563507159602,0.574054291522716,0.400955645657872,0.595375386430947,0.319008225144231,0.290405151644595,0.493867730990733,0.267210798330272,0.539172192741134
"CNAG_02729",-0.339814896453441,-0.448287771730799,-0.534809153263223,1.60538397332522,-0.477121056980755,-0.563685126437548,-0.176149001183596,1.70150084444964,-0.110113657208664,-0.208479955479508,-0.502256506124685,0.178572222906834,-0.72253620623088,-0.383502505021402,-0.539000100078061,1.52029889551086
"CNAG_04877",1.2157715181281,1.0467657914858,-0.291021222185333,-0.238107130311089,1.23347981385141,1.43073327967551,-0.124043684764874,-0.251068440211816,0.33093172998753,0.242875866756156,-0.591760631704048,-0.752041633694332,-0.825028523841465,-0.739667176401225,-0.95215310741666,-0.73566644935367
"CNAG_06785",0.958260493485497,1.12846659346781,0.36947486863334,0.47332276428385,1.10816707782888,1.08017865273927,0.489279108137564,0.44260292663734,-0.779079674639515,-0.726091542484975,-0.782600986505695,-0.685734781386837,-0.790180335269021,-0.780414027739057,-0.828256421784175,-0.677394715404272
"CNAG_06807",-1.34860004842576,-1.36592011977091,-1.32554881155016,-1.21427210396853,0.430738948878046,0.19932766433624,0.719631644491477,0.703582695654688,0.560395262066049,0.248176454995418,0.742826388558596,0.371279619439616,0.211276219146281,0.300549626700317,0.400720732014964,0.365835827433671
"CNAG_05916",0.900988827980559,0.941702566936705,0.617022683878595,0.635968194149267,0.958498695315186,0.757910154173951,0.606224887668272,0.644108966316074,-0.581976546403602,-0.79872757681034,-0.808582271596594,-0.893868490856642,-0.703229681255321,-0.691458957949807,-0.701618111718143,-0.882963339828163
"CNAG_05835",0.93886166432428,0.860180640401074,0.684829354643632,0.596702328264369,0.870084095122879,0.940315219826417,0.516346819849804,0.523352216238921,-0.589527131612154,-0.640832118490858,-0.494604396378143,-0.650050599175067,-0.746876369439549,-0.935378114607628,-0.922637865088445,-0.950765743879527
"CNAG_04307",-0.0840781431048923,-0.664123970166663,0.160293547358821,1.57521485910144,-0.443181765624226,-0.366409334252301,-0.140757595970516,1.67207657391195,0.157412081055318,-0.469149840711963,-0.0614681448191554,-0.0241307406168749,-0.685209482136155,-0.762323129779798,-0.835976131496817,0.971811217251838
"CNAG_01389",-0.312921833836238,-0.334179585214135,-0.634796401755199,1.44402690344111,-0.505336864724137,-0.239203464978501,0.0653678620101159,1.5358080671429,0.232310896795251,-0.408363343121387,-0.551809152145095,0.217826850780809,-0.662256540603686,-0.524686948091213,-0.694423596269114,1.37263715056851
"CNAG_07912",-0.6828358910797,-0.860658229159739,-0.501096317427544,-0.744241764817739,-0.91190021132819,-0.77401495555876,-0.653767631266499,-0.638388592387351,0.278900048696421,0.736090720052465,0.380963984597521,0.797277290714177,0.714650985808859,1.02084138205703,0.723484896841034,1.11469428425802
"CNAG_06813",-1.33243526025966,-1.29186772776461,-1.32602046655681,-1.08254001044734,0.72715102615912,0.698255310371872,0.601892861809501,0.563525750037558,0.568283548278107,0.344649066690458,0.466415399712361,0.244101449362272,0.340243363684483,0.243666186641526,0.145281533478833,0.089397968802329
"CNAG_06389",1.03979737051938,0.998810362104085,0.428956532388916,0.774484933238468,0.883589811048472,0.874353424554609,0.290143365717942,0.464492978774729,-0.501587213797372,-0.78281964914846,-0.699725734252032,-0.679614583327792,-0.645566518213138,-0.863010113607744,-0.855293099324807,-0.727011866675259
"CNAG_03007",1.19247082252158,0.964899204429183,-0.481292179606305,-0.503684970999442,1.01750339703658,1.30830933039978,-0.678559273867895,-0.763415675880948,0.314775141803938,0.0700387997650926,-0.655750874121273,-0.739794016192819,-0.141017346385656,0.404902141948813,-0.645153160336936,-0.66423134051369
"CNAG_00321",-0.374948982691407,-0.541231872589426,-0.155895109283406,1.41289225867529,-0.603959325099759,-0.52806549772003,0.170006452529273,1.65167858600209,0.0952627640489805,-0.407785670838882,-0.128221458899448,-0.0992596996740733,-0.574260790431314,-0.614880991382716,-0.522881270735311,1.22155060809014
"CNAG_03398",0.965129569329854,0.562485346432602,-0.68535576039679,-0.651815522122061,0.686629893575715,0.915230978310369,-0.579426975323297,-0.837840568249586,1.16755204672355,0.886721313023697,-0.303837525425151,-0.329801095955237,-0.132757783978442,-0.148624866321849,-0.828932894938347,-0.685356154685028
"CNAG_03516",0.767929829017003,0.867601675180923,0.384074140225708,0.473306577753259,0.925247339708994,0.920036539796733,0.516085244090736,0.534566777872326,-0.582283000381246,-0.337440541283835,-0.610853266830317,-0.59371490170804,-0.877434236699271,-0.510352153318232,-1.10867422132678,-0.76809580209796
"CNAG_00588",-0.344709785156976,-0.457194852561448,-0.547086581625512,-0.580789406159276,-0.753634239754009,-0.688555005232134,-0.882016320530212,-0.927133601411173,0.510921202627166,0.600277987935865,0.238936966470863,0.282007921690706,1.00268224478235,1.24957618902047,0.675769137876189,0.620948142027133
"CNAG_06804",-1.25468927344556,-1.25609560469817,-1.19607127087465,-1.10255712005189,0.435033614449268,0.400135490289339,0.442255251952719,0.280557704192792,0.456198983543639,0.416871829927262,0.466779703476417,0.31790123630997,0.504430134204608,0.501727984002069,0.329722594269597,0.257798742452585
"CNAG_06808",-1.21321742025039,-1.2494502951914,-1.17148719651072,-1.09577406202563,0.297041906068888,0.495730539593769,0.510263076998431,0.482476341035904,0.092811640375289,0.442590455046224,0.405125844622979,0.379406668792339,0.324837654099058,0.595705254686101,0.256264529590615,0.447675063068536
"CNAG_06281",-0.633750104482853,-0.50698416730703,-0.35832639897892,1.1885524735286,-0.454966161308395,-0.50377974404496,-0.0373845192843438,1.40229514298931,0.130122268032467,-0.19497424359454,-0.261197653447209,0.145824871179149,-0.535664617306291,-0.336408620554781,-0.511516081793509,1.46815755637331
"CNAG_06347",-0.708823459494141,-0.423943125132077,-0.430007829717415,-0.127102063921283,-0.519860461251497,-0.515342146906706,-0.375478785633176,-0.493027365885192,0.528267277481708,-0.470231624977998,0.920259925827811,-0.0433041393238707,1.44294406510891,-0.143202769243581,1.51754397034272,-0.158691467274215
"CNAG_06241",0.468161942936142,0.794405363637344,0.518183049776567,0.508496752883451,0.849871635591933,0.775017341000247,0.56190750011204,0.651602387593943,-0.944032152413463,-0.535987426405562,-0.794721206639522,-0.192290969241679,-0.846497707118134,-0.589100745475047,-0.779325537730902,-0.445690228507365
"CNAG_01891",-0.427903889637209,-0.59260542441336,-0.238612129499993,1.05811372533777,-0.408579703374055,-0.474361214885983,0.1892317489084,1.2792789531292,0.293913503200194,-0.210305481428481,-0.455045634706273,0.287054642232922,-0.532134872160674,-0.492380539684678,-0.635437450278365,1.35977376726058
"CNAG_01936",-0.531259047671507,-0.68170266009208,-0.521248054903324,-0.762656470278237,-0.47296177552214,-0.598877944649833,-0.56840830384954,-0.598412017541032,0.285176985449899,0.421050948420643,0.283401513552406,0.448677172000313,0.419909500801616,1.25016527546161,0.481375227047796,1.1457696517734
"CNAG_08010",-0.44709217673917,-0.385286709044482,-0.377463263151125,1.29169710053581,-0.438538949448311,-0.419461733550097,0.381741190632073,1.0851390463396,0.450374514316013,-0.0558716745237815,-0.435825328151484,-0.178861333928682,-0.705911173004014,-0.282923215862479,-0.628189701310767,1.14647340689089
"CNAG_08023",-0.384162381648228,-0.436181172195122,0.0103494078082385,1.07032118248431,-0.433608039134406,-0.263554613117532,0.348160199289778,1.34496463856623,0.482997253808477,-0.371655501494385,-0.302349333086234,-0.205887181726426,-0.600443317292893,-0.583045765984973,-0.707389929571965,1.03148455329512
"CNAG_07407",-1.11029689541541,-1.09224449795817,-1.06775805761059,-0.982609599036405,0.353925797766859,0.491438630373148,0.36642062328416,0.502396667962433,0.0289788626741236,0.228848175957756,0.476120548891808,0.245493089402183,0.3404712891317,0.571807930024588,0.415460363235942,0.231547071315879
"CNAG_03229",0.800791688049874,-0.492944900787332,0.702852792165392,-0.485872920209662,0.102313749674931,-0.59667347071179,-0.00220290262064005,-0.500932488412445,0.74300846373189,0.772685962126682,0.86566105146464,0.678329400718098,-0.628270528651613,-0.680400137404963,-0.75621571737937,-0.522130041753687
"CNAG_03113",0.742664593811609,0.731315430949058,0.305515504984182,0.827367916084045,0.552235098241161,0.59484858632767,0.345683689983655,0.73214243830666,-0.425087393318329,-0.61256666296047,-0.735963735975988,-0.470709605948188,-0.710265754045084,-0.7853035424612,-0.493442966015633,-0.598433597963151
"CNAG_05303",0.312933052834778,-0.140867209145386,0.357929574422531,-0.0807486765228287,0.463044224862526,0.684762271633794,0.539730299817971,0.780083064964236,-0.615835927107298,-0.381137314754434,-0.897806559304519,-0.406817977067204,-0.839649927892508,0.70626281363633,-1.12592133739553,0.64403962701755
"CNAG_05870",0.876211173109922,0.686123361417055,0.641637918116745,0.432709411418898,0.714445936470794,0.759039049044564,0.396943550575891,0.307488240306782,-0.562596129043046,-0.576599821749028,-0.517403380559175,-0.70387051422686,-0.680693376767913,-0.476789571022362,-0.68955552066684,-0.607090326425414
"CNAG_05993",1.17206274895993,0.577248677690491,-0.264156869773641,-0.34642311009333,0.649718378111364,0.672347281295522,-0.301262457623052,-0.511344099212867,0.768910992738432,0.659643174332183,-0.600026780494548,-0.660442884347464,-0.400577075728243,-0.00531061168303815,-0.662046750010036,-0.748340614161698
"CNAG_00755",-0.118791090431152,-0.459033663675914,0.111476088399817,0.999042660051817,-0.258938815265189,-0.402783012117718,-0.0203617535842877,1.38559532235343,-0.0278742566302697,-0.420925160589569,-0.350092264015105,0.0579469926910718,-0.522752505643993,-0.602890700404249,-0.56557234700678,1.19595450586809
"CNAG_00932",-0.419903721490411,-0.369351372670345,-0.0830082208541425,1.1472639224951,-0.38534054019737,-0.342951926822975,0.0309582268214541,1.27458313476287,0.00271887188752995,-0.317786450252012,-0.246067410424487,0.13738174824902,-0.616558475710348,-0.644758172315862,-0.343575449843787,1.17639583636576
"CNAG_05229",0.832744344630587,0.687365474069669,0.361213264824247,0.354328755860449,0.756607553607566,0.833145521819404,0.281722694130874,0.381907011079251,-0.746333468668455,-0.394371932201528,-0.850323971606517,-0.731873393682317,-0.429957226313922,-0.00403117263645747,-0.763857908170241,-0.568285546742608
"CNAG_05312",0.745290302177854,1.00852171996629,0.589311388789382,0.440772626523338,0.711809021411898,0.566693613192229,0.232945854934526,0.289370702089795,-0.473827350390802,-0.554767197965941,-0.510951563942402,-0.223746792055332,-0.678905146674863,-0.798411207407138,-0.803148334805497,-0.540957635843331
"CNAG_03609",-0.421097169015574,-0.123167612089151,-0.236512790701717,1.30267239959874,-0.474339000359253,-0.0824331185974883,-0.211837367541277,1.44089179598638,-0.0100208698691056,-0.351749927007938,-0.404044674193529,-0.139871045643692,-0.442630141930843,-0.48703330595486,-0.203668704700299,0.844841532019593
"CNAG_01980",0.721484424806139,0.998104321694232,-0.00685142679076556,0.220930873089775,0.814910934819238,0.954298355807587,0.223022608877931,0.404990021357196,-0.505132997449564,-0.624706363867806,-0.477017390780272,-0.648309348323908,-0.476086771003581,-0.535503541695971,-0.57730463128035,-0.486829069259886
"CNAG_00419",-0.271785533232073,-0.630225180510394,0.126630829886398,1.01876226362749,-0.359352337949986,-0.261603569867177,0.568168412912073,1.15690570780369,0.408322369050087,-0.402435766516452,-0.0354579125439933,-0.190100435004115,-0.406071347584323,-0.680932625589737,-0.765978287745404,0.725153413263904
"CNAG_04523",-0.423296353098108,-0.268757183563702,0.347727380788879,0.880015459320711,-0.513651878751126,0.0254548283017275,0.178748578492874,1.18432058475736,-0.667287777993794,-0.0136126719103213,-0.437208706567647,0.854793909027542,-0.797815104261976,-0.149123765371829,-0.644277247576055,0.443969948405465
"CNAG_06731",-0.466937451265453,-0.352269222567181,-0.301169522482818,1.1179191343821,-0.385988495724208,-0.466451473871166,0.29631688743515,1.14025807387099,0.361385135856258,-0.215257387383976,-0.267324449186207,-0.286217797186933,-0.463264308056394,-0.410173357152668,-0.382251822497754,1.08142605583027
"CNAG_05605",-0.460935356219734,-0.489998994189659,-0.111909510788463,0.89485506041564,-0.443905170580459,-0.483472326176328,0.5015850531795,1.2135099413093,0.415565077299846,-0.186634921227451,-0.102830529636487,-0.0858760736190725,-0.508447146340639,-0.589862219511355,-0.525179402087272,0.96353651817264
"CNAG_01562",-0.096532400656308,-0.380244616896602,-0.287400422448815,-0.358500931811099,-0.277963327037437,-0.300005515861571,-0.376651129679496,-0.492401743945698,1.17221475216584,0.701681143230632,1.2214860942116,0.774771215175168,-0.195410376034207,-0.536356129055257,-0.112270819451071,-0.45641579190567
"CNAG_06795",-0.046095564799848,-0.241219128762831,-0.366675875389024,1.08120661308516,-0.34466785064025,-0.00773336233688937,-0.00695265237413256,1.2194235062327,0.350177202872662,-0.356078601097936,-0.540126916880307,-0.290367783766497,-0.465147044305115,-0.456527735923697,-0.561677757852605,1.03246295193861
"CNAG_03511",-0.570412662078025,-0.335793438341241,-0.248050505305008,1.05873868221775,-0.359713122602262,-0.233238560070673,0.0928066112479966,1.37922691097861,0.0381129080737139,-0.20253275783264,-0.342528147386875,-0.07662961683228,-0.422519313374275,-0.489446580605247,-0.260346437187711,0.972326029098159
"CNAG_01539",-0.255508808745708,-0.355536073069381,-0.539000798375145,-0.28561710707435,-0.52417276829823,-0.475702941791132,-0.466471928390341,-0.555693835562574,0.910631596676302,1.04579337635737,0.838276060221302,0.975908048347202,0.000834678307443326,0.0496961700631022,-0.258884098468062,-0.104551570197794
"CNAG_00674",0.654718120788856,0.6905593548896,0.277358710706973,0.646506663188189,0.578022056831016,0.768506206488842,0.331492541117897,0.374640578515747,-0.114741786509322,-0.551372840360743,-0.349864980339594,-0.687572264379555,-0.695641508921558,-0.673573206913956,-0.724167975574863,-0.524869669527534
"CNAG_02339",0.0266899926445117,-0.534954943077194,0.277116183810374,1.11662830329872,-0.148804101802578,-0.41311889240117,-0.000423769894824844,1.32783330979395,0.135428130092186,-0.361756213595706,-0.177725291515878,-0.0934324778561688,-0.583517602768113,-0.541658341493593,-0.635488298546164,0.607184013311659
"CNAG_00302",0.491990629412322,0.751935934067675,0.215251019478804,0.501255867315741,0.756587780926901,0.616936248882235,0.547312541893413,0.352018090382734,-0.363184541490431,-0.23116936665765,-0.32446082220421,-0.336899109011076,-0.875252372837284,-0.782359996852659,-0.619895835026354,-0.700066068280163
"CNAG_00895",0.573399631202543,0.421520409520481,-0.646928337742853,-0.680308871282852,0.70054893499732,0.707092976124795,-0.718167557597146,-0.643350878978925,0.400683700510548,0.748911116185837,-0.476103099351256,-0.0334274868665894,0.168721541151054,0.477846211455274,-0.524833938396654,-0.475604350931581
"CNAG_05346",-0.236813729310585,-0.395138919597634,-0.00275658543003843,0.872154063573137,-0.325300634262846,-0.230790718279341,0.681009840716655,1.16621111371883,0.491570312746675,-0.511093739917158,-0.0929075656051976,-0.52552923018925,-0.563938368369706,-0.43572473089149,-0.514141740510375,0.623190631608328
"CNAG_07984",-0.455771592397261,-0.444745655023251,-0.518851001299804,-0.58044482982179,-0.554878769720537,-0.458388754748951,-0.51486342889329,-0.45055757569826,-0.0146569822962253,0.619478740852716,0.193963696531652,0.49654544698883,0.397434731698487,1.14404746032886,0.35442608008058,0.78726243341825
"CNAG_06200",0.64569756486617,0.851721647891695,0.304021205415742,0.3513350262877,0.725692907111986,0.754336224420443,0.315018079556383,0.222556123866061,-0.509560784653916,-0.544537444768808,-0.489525211425681,-0.563917968981061,-0.412767638547221,-0.467834710375245,-0.607681305386783,-0.574553715277469
"CNAG_05313",0.632439356471487,0.503649556083262,0.427624143400212,0.577293574453661,0.482453738797153,0.429594113308202,0.488188406243069,0.637655111340063,-0.32037710440656,-0.642685516633158,-0.343263627228652,-0.560177895142899,-0.791316281950807,-0.534808099909573,-0.798030515854134,-0.188238958971313
"CNAG_06440",-0.200428506109354,-0.555531558849196,0.0929532283781072,0.858913390049013,-0.394689227127548,-0.279781064908112,0.683347660312538,0.780251899121559,0.641359264766637,0.0503977683899226,-0.0248923432974468,-0.325715526042991,-0.6089633586059,-0.629927414543774,-0.724960022758962,0.637665811225508
"CNAG_02170",-0.279590577647397,-0.0570845359721668,0.0050735473632475,1.16742541627857,-0.280557573916206,-0.0250900956613469,-0.0381989241442398,1.25619863394991,-0.272812525101902,-0.299649479901004,-0.483433853275974,-0.0345231095085579,-0.526073952264733,-0.18187515709832,-0.601004256432175,0.651196443332288
"CNAG_06762",0.571017221229075,0.509124986421421,0.340124609817387,0.5005174303129,0.550357295229988,0.55273016034022,0.450421096179674,0.440240769388339,-0.202929459590424,-0.234590305408416,-0.43735017597913,-0.200938876966854,-0.950919651034983,-0.634209034313251,-0.875062308185569,-0.378533757440383
"CNAG_05466",-0.274741019535304,-0.332279253149196,-0.342164655796322,1.40136407331183,-0.286123690685125,-0.210514726659692,-0.223023876242668,1.05308033320627,-0.187183522135522,-0.209731967620707,-0.0114982309131868,-0.172824011628602,-0.386978216584593,-0.291876039906414,-0.243922252303386,0.718417056642612
"CNAG_04527",0.00350543933100766,-0.508536344581803,0.407992873328606,0.862586026636329,-0.329873483012431,-0.414743467767066,0.141480105854356,1.0856913979604,0.0526135737835993,-0.313251517589455,-0.193844289216427,-0.0829985969019571,-0.546996011986822,-0.468515145904076,-0.586294849169883,0.891184289235616
"CNAG_00979",0.824307843630233,0.468100290322585,0.0868078088241795,-0.135727682440978,0.312554569287903,0.784242802624126,0.0549696534008355,-0.0148111717109174,-0.0376962846254258,0.500820201042869,-0.868708199445495,-0.356067189657198,-0.340803985051231,0.284653536240802,-1.08513543786866,-0.477506754573634
"CNAG_00463",-0.0775563865561586,-0.319850864132591,0.0545000333395635,1.22882017343581,-0.271295748190812,-0.251295350731691,-0.228969161494243,1.12825492060479,-0.10425917511427,-0.351826151307204,0.0345986490126529,-0.355663780448796,-0.40338555343224,-0.384891039215889,-0.381329707343378,0.684149141574465
"CNAG_00883",0.418906613083749,0.678858940385521,0.209712087745878,0.327315432598869,0.725489738507436,0.784699174358099,0.230621731211629,0.472240473141172,-0.668037679534285,-0.500176487288751,-0.622495926818511,-0.328794545058251,-0.445108180890054,-0.418456356805086,-0.494365871277338,-0.370409143360066
"CNAG_05392",0.598039260097776,0.578181721858133,-0.357592929887469,-0.238689664034853,0.732886523924979,0.784866812626438,-0.183437836810166,-0.2580567888111,0.329231056850304,0.467343978055222,-0.427657263906129,-0.522318370914796,-0.137794600861461,0.167503525675468,-0.722226240595353,-0.810279183266989
"CNAG_05632",0.551247875803801,0.570703157420592,0.549316522709818,0.514025315309715,0.514378517200354,0.551927758296021,0.366255220325401,0.397424963172213,-0.595347046692376,-0.433319671589356,-0.472993475659667,-0.36026939179399,-0.544638070745183,-0.577536191425221,-0.492412501385269,-0.53876298094686
"CNAG_06623",-0.547372572850319,-0.0270275139440201,-0.045156199074178,0.291494780716997,-0.42928059272427,-0.470632778038244,-0.0955959221367824,-0.176621764417826,0.165644576852761,0.111064534380654,1.3067223017614,0.403251536300589,-0.282330715586921,-0.661762813436457,0.835617572741553,-0.378014430544921
"CNAG_02005",0.466259767825448,0.485764753887366,-0.665327859933133,-0.518690315883764,0.486061961756183,0.576998858582281,-0.55270124811124,-0.34279494208259,0.474273816930183,0.897508681942882,-0.442826849730842,-0.372130001113793,-0.0103349150177161,0.409740333964571,-0.484894894766326,-0.406907148249512
"CNAG_01632",-0.313321699250939,-0.23124885469522,-0.0249410287524139,1.06311637494019,-0.373072879593237,-0.194374432344014,0.148006764217127,1.15062469996636,0.0645069690066702,-0.319540616443541,-0.234989681999748,-0.137328769251805,-0.400404147026467,-0.490102196322591,-0.411132017957873,0.704201515507506
"CNAG_07869",0.660857174077434,0.769204892219213,0.196664597467502,-0.06274284988449,0.740975332116244,0.736510571355494,0.172959241362176,0.23764395914141,-0.360257205363769,-0.119788179066307,-0.367218531609057,-0.169017660610272,-0.665703578611239,-0.533868093232067,-0.598981102393714,-0.637238566968559
"CNAG_05258",0.834479783143991,1.19822430787474,-0.250556737346013,-0.0727458178981362,0.3641676718194,0.0575072165517012,-0.385386411255631,-0.400336425648584,0.674175173862493,-0.344197285612964,-0.112922693021107,-0.641059899692589,-0.0695496110071101,-0.0574043832210309,-0.373830912823903,-0.420563975725261
"CNAG_03569",-0.509560296366126,-0.360658330030214,0.0920561262293562,0.662758015214583,-0.43167762619329,-0.0438292949913768,0.65654528211515,0.8013618669375,0.791831356520695,-0.152574843258944,0.105418678683134,-0.584706087993025,-0.511232402260259,-0.527348065540592,-0.363664080677102,0.375279701610506
"CNAG_01983",0.624372280578752,0.755949178100494,0.276995400105752,0.100684590762485,0.714923968650018,0.697217604570197,0.260157009448031,0.151767882805586,-0.529175326510286,-0.286568450193251,-0.460267166497344,-0.248509966515698,-0.667199985685349,-0.441319375321358,-0.539239236915147,-0.40978840738288
"CNAG_01524",-0.48871039536847,-0.217638707133156,-0.340406109449015,-0.227735201841791,-0.361692048445838,-0.356209532670105,-0.370370781951876,-0.130820034181185,0.686351861779197,0.766643819576975,0.806989306566678,1.0307536551814,-0.278301692627964,-0.218478605284172,-0.0961041692938682,-0.204271364856823
"CNAG_07409",-0.990915807846278,-0.691333811512218,-0.922974895111244,-0.711494602542508,0.26647447898136,0.234935398202188,0.421798918692717,0.403778620478771,0.144751802257645,0.264009977214954,0.26814163754957,0.355809558009323,0.236535498024262,0.157430066394969,0.260839037966646,0.302214123239851
"CNAG_02207",-0.371303199994568,-0.378121575572793,-0.575870513560609,0.877202739311519,-0.252675712212989,-0.259855792974676,0.251161481532161,0.828376136087355,0.267805688222698,-0.276911635426289,-0.264923285258767,0.135895205216341,-0.410731026116679,-0.16705331746291,-0.365797843953832,0.962802652164035
"CNAG_06149",-0.0398593528584748,-0.245015767305752,-0.0806999144183962,0.971374807811683,-0.184823731647716,-0.171996778598915,0.0798690446427628,1.09091402249001,-0.0291796620689873,-0.276898923858383,-0.446236663502459,-0.189337220454417,-0.411121627681551,-0.301857655998043,-0.53286597032548,0.767735393774103
"CNAG_05915",0.436612855775319,0.545341718715749,0.296277605480855,0.606328332018837,0.460804435756579,0.669042866338241,0.231888357596196,0.494361850154165,-0.450874006224318,-0.401044213514842,-0.422215424772123,-0.46205232349476,-0.462016812962698,-0.48013397297637,-0.37331177771126,-0.689009490179567
"CNAG_06186",0.693216371972477,0.802974426854927,0.232114625032416,0.0196139349068964,0.645127955599119,0.73534385154665,0.115851086004424,0.17141780545494,-0.49904948279225,-0.341418704189765,-0.372472052806609,-0.373167609257157,-0.553542326429879,-0.3279185364774,-0.594066183475958,-0.354025161942833
"CNAG_03143",0.521471916907498,0.048413532815669,0.368360187704765,0.818786955652051,-0.0551797277539556,0.331754249538013,0.579013681330649,0.564702068525284,-0.192599266216799,-0.659106332948051,-0.0954025763932336,-0.402114995243107,-0.237701507860638,-0.81382600849301,-0.0709887588987304,-0.705583418666407
"CNAG_01672",-0.0274708615655266,-0.446417193002202,0.0211193071472797,1.05574866042756,-0.317494762463819,-0.267522249125959,0.379086434795452,0.895798118768299,0.142490568568582,-0.263570398866079,-0.316877668898329,0.0261082412266003,-0.422725408990426,-0.45158644065667,-0.592514494817031,0.585828147452265
"CNAG_00765",-0.383700599364875,-0.415127546206936,-0.290546691547442,-0.451133275964425,-0.525380122274004,-0.521067600906171,-0.45745989050725,-0.665304915350042,0.378244858922674,0.445340260643887,0.51376793536185,0.268779798213476,0.570757743551313,0.699573651491885,0.580594678716766,0.252661715219292
"CNAG_06321",-0.351257420760021,-0.344999248084889,-0.261028874876079,0.781462946648825,-0.220559681595402,-0.3120250807016,-0.260773691198102,1.16265120399823,0.0150499271180919,-0.190616515753216,-0.358456117415619,0.237579094366311,-0.279900436871019,-0.17752368993737,-0.313269639197134,0.873667224258989
"CNAG_00654",0.295552982139691,0.305960529076144,0.59075478208424,0.712995313378329,0.180366732989841,0.309956397098079,0.432449505875891,0.649389039514327,-0.709398867937491,-0.520116513847281,-0.134770190066856,-0.229175820461152,-0.647686301127154,-0.63488332193511,-0.397981789492752,-0.203412477288736
"CNAG_05590",0.182997547583208,0.040796800833153,0.56712096178237,0.46713298342336,-0.0162989168576271,-0.0194956498216641,0.58405531271346,0.458197077732292,0.35551310110635,-0.132677728577612,0.351819240507059,0.085590643038099,-0.78017875402494,-0.957261020936553,-0.559731923054629,-0.62757967544634
"CNAG_00936",0.393465438958891,0.327330731597058,0.438984436227491,0.608016179125695,0.355190595070896,0.383611040718645,0.424046355669953,0.71158386972524,-0.629494841686461,-0.398723244079486,-0.401697758918592,-0.259699627816783,-0.643604507110759,-0.449555980627379,-0.586600383923276,-0.272852302931147
"CNAG_03845",-0.329574631464475,-0.376228264041698,-0.373250579857549,0.604507172333642,-0.274750352248704,-0.383761265510083,0.0697695620855274,0.914320265798082,0.242363541052095,-0.171023101237406,-0.163126936991988,0.373199851732815,-0.347161929518675,-0.329248720777427,-0.479295732075842,1.02326112072169
"CNAG_00126",0.403526003872766,0.422858635123148,0.426549864734294,0.400770687409029,0.461900722345543,0.535811895022158,0.345031522088904,0.328151152010626,-0.316010334382092,-0.0509963848358321,-0.10528743462487,-0.261984647851467,-0.409885889754365,-0.821692890402746,-0.483794017077674,-0.874948883677426
"CNAG_06814",-0.794744194314235,-0.795944845178514,-0.775623196269403,-0.6860363457846,0.166829071491401,0.310047327721945,0.274973161824621,0.526185498157946,0.161687402768305,0.229905074637234,0.362496857609014,0.425978307232461,-0.0576840919032167,0.155546711262041,0.0606112616552803,0.435771999089719
"CNAG_00597",0.310438958379253,0.523225653746757,0.427907736771242,0.277612425459682,0.506996133080608,0.516010897455556,0.437062457444571,0.414752593954373,-0.401493805440844,-0.55999004794917,-0.0690197379370918,-0.107958248117964,-0.6759643512157,-0.788593925507084,-0.477065307311632,-0.333921432812552
"CNAG_01564",-0.492037093800882,-0.361386888526177,-0.206182302956302,0.0233913950311013,-0.369607848498205,-0.26952537461627,-0.0274008341186178,0.174814251268716,0.684216346192839,0.772607873598414,0.667743601470663,0.752993411333886,-0.475717845549076,-0.439270251652502,-0.505378358032511,0.0707399188549207
"CNAG_01560",-0.217237205998465,-0.178099056141517,-0.188352122038281,-0.159008732344486,-0.374949433854843,-0.244726029787419,-0.282825364352102,-0.193712884931564,0.704236044820869,0.764989054354611,0.93110730898259,0.668422298306587,-0.487969267222502,-0.138686979897731,-0.365832651253763,-0.237354978641979
"CNAG_01032",-0.278798333703479,-0.427201965569421,-0.13792098672341,0.821629228187144,-0.391603814679368,-0.334870684276384,-0.131517265811898,0.902334581887631,0.427208069152558,-0.144885052991428,-0.0310664483476009,0.0625994439266488,-0.338819710734149,-0.45287706371367,-0.314241275529182,0.770031278926009
"CNAG_02925",-0.406794811365634,-0.445153067221064,-0.250072627475101,-0.531777795667969,-0.391942824780529,-0.489576006511081,-0.286957712591944,-0.50759821149239,0.0284731517359997,0.409398585606393,0.163043145852209,0.256077503185322,0.46039103036998,0.740839043671151,0.525318209731314,0.72633238695334
"CNAG_06541",-0.642813201622699,-0.53696470212917,-0.29362343258785,-0.0302121070417716,-0.634718737755513,-0.593490663974327,-0.265185730754757,-0.147230965022406,0.164496750136021,0.0363574100210258,0.415139262231918,0.61326375931489,0.421743133506416,0.215855157817874,0.569585391361695,0.707798676498658
"CNAG_02775",-0.0996536785446498,-0.0225047789503154,-0.640016894197403,-0.537880846887692,-0.253462654530948,0.12940499677144,-0.467179339246638,-0.579028642981411,0.282349693200507,0.634023560261658,-0.273967337693705,0.238335495823737,0.451621115055969,1.01075699117684,-0.109045527125259,0.236247847867885
"CNAG_06346",0.00114738101153655,0.424421087994709,-0.105254572464088,0.480770725624287,0.320661223715504,0.722879845607652,0.339105098633957,0.394001738304226,0.0115208396006468,-0.603444281725538,0.17217799285818,-0.548607129847001,-0.180370789865305,-0.855478149770023,0.0419666743682043,-0.615497684046955
"CNAG_02323",0.554613460923443,0.553475403539153,0.230849899522836,0.623401609275133,0.348086228575033,0.490519382286209,0.238839100282003,0.394483245102573,-0.301381813420695,-0.405350313578514,-0.448478683320587,-0.380439943985998,-0.536053670089702,-0.367386847807341,-0.552010717990393,-0.443166339313152
"CNAG_05662",-0.324568553102754,-0.463820715001013,-0.337102661441454,-0.646602450589715,-0.280357583788481,-0.395179533819018,-0.35410422257795,-0.450212190181512,0.0546591771965144,0.42896037194901,0.130510436328455,0.651906416438209,0.312112494743438,0.512721498808176,0.418673558789795,0.742403956248292
"CNAG_01056",-0.403421526999443,-0.379189880805538,-0.380259482102088,-0.470335203126089,-0.342790155466965,-0.374204569054235,-0.425515640499527,-0.313256900833888,0.494410481862873,0.159488536919741,0.32849870286267,0.113353193672325,0.929656416921851,0.287933360728037,0.686303776182228,0.0893288897380513
"CNAG_03848",0.488225932964383,0.583353834538695,0.356159832776649,0.381612858238128,0.476977061006838,0.573288183201264,0.212951125523714,0.309540031787719,-0.313173653247897,-0.380609772259092,-0.430820978633745,-0.361214669738382,-0.453565435019618,-0.457476827963465,-0.530160567712532,-0.455086955462647
"CNAG_01119",-0.450459485515793,-0.502500263637222,0.0117258534532301,-0.166699332363663,-0.561467603906795,-0.413176314789485,-0.100101350095935,0.0182998982038551,-0.339627295137037,0.103317540627375,0.0134848192327119,0.770390454312416,-0.0962389958574708,0.282917193064932,0.416568686977831,1.01356619543106
"CNAG_06590",0.245128657345858,0.0492588068494522,0.363526542151731,-0.0825962683753163,0.491424329663288,0.586980649599005,0.181497225839076,0.464885111533351,-0.717694497453546,-0.243349787238409,-0.483642143016833,-0.346606855659465,-0.581569393816961,0.507114169615639,-0.615422956820657,0.181066409783781
"CNAG_01996",-0.229139792474316,-0.228217049966822,-0.29067598110711,0.657921978349743,-0.238720416808987,-0.361247510007468,-0.211208061452909,0.880642229985024,0.142675232098616,-0.146625691631019,-0.193834047116414,0.239548863132794,-0.276277562524145,-0.306533744631128,-0.367619378538132,0.929310932692272
"CNAG_00374",0.254970443789805,0.335782923922443,0.362673122738711,0.255059126297095,0.472946196576853,0.448504325296508,0.342918116091637,0.687472783724102,-0.615609105384751,-0.406810110406125,-0.500562820233194,-0.107848499937996,-0.628938797649251,-0.299859381805266,-0.481114554366778,-0.11958376865379
"CNAG_01787",0.205933923541123,0.19458134084911,0.595522601995508,0.2848912425456,-0.477308854750182,-0.44813786074136,-0.33360398697388,-0.343639102511571,0.494512113262987,0.351978006822002,0.748722379495984,0.327676768698465,-0.331494000550974,-0.306617767717649,-0.331967319179836,-0.631049484785317
"CNAG_02489",-0.451060380948972,-0.156058507661725,-0.619393230798232,-0.564215946228186,-0.157166454519928,-0.190168694544251,-0.351149867005128,-0.467163621856859,0.183985701931929,0.342341887844828,0.046860497969659,0.271587486071484,0.260947527489716,0.821004650596016,0.332668346989037,0.696980604670617
"CNAG_07862",-0.447770855293249,-0.230233218106949,-0.741997465937947,-0.224590571064527,-0.34503323020965,-0.368438511142961,-0.439837147816743,-0.400047403462167,0.323946448963211,0.558973095567088,0.295893091960499,0.564860317532911,0.2535860673672,0.465157133452024,0.256903744098762,0.478628504092498
"CNAG_06698",-0.226931315476682,-0.492567616841311,-0.346868223379987,-0.162508746625964,-0.288833433405937,-0.281379828575735,-0.238802538866038,-0.471629118075096,0.122431021886699,-0.0366783887368669,0.190932012622985,-0.287497819962987,0.815305342804557,0.816633883236051,0.621501488367837,0.266893281028469
"CNAG_05974",-0.0361703995827432,-0.370496993822809,-0.00100672159424775,0.933569717802246,-0.183828868441492,-0.128034067035247,-0.250566945857491,0.937489729394006,0.0700283902421273,-0.290157452960915,-0.0698287280654553,-0.169255760391517,-0.404590042569754,-0.333295937885,-0.275158784219698,0.57130286498799
"CNAG_02355",-0.106180957423319,-0.235476788774422,-0.0815145516612414,0.924116048320871,-0.151204896425417,-0.12968910348182,-0.148417321204784,0.887928978916587,0.288403604552769,-0.242287545208852,-0.337371810622115,-0.249341909948809,-0.338635507636908,-0.261523767099143,-0.411008636909943,0.592204164606545
"CNAG_07988",-0.0182072505895761,-0.166533560826845,-0.115078698914486,0.778064995017072,-0.197437774058245,-0.34112229696384,-0.278142405054766,0.874835110466769,0.248584806748356,-0.214785136840758,-0.157637050520429,0.128137064999656,-0.39272416730508,-0.284557959316015,-0.545488910418365,0.682093233576557
"CNAG_04756",0.408432108649103,0.679073844175051,0.116443866215187,0.260752359829763,0.431371917465379,0.513570266581183,0.245146472261101,0.0798607693594473,-0.0919487549635853,-0.381688678312411,0.12257222788689,-0.318088836952574,-0.412446488320523,-0.754830699394805,-0.202903896340766,-0.695316478138436
"CNAG_07005",-0.712400513644341,-0.499789013809727,-0.784545947144171,-0.662717698956603,0.123150674548264,0.315921450266804,0.115775543496551,0.0411965320002894,0.323601246245771,0.318423679655008,0.0215082533513202,-0.0934575182381616,0.44207462762619,0.423221813732741,0.433932234588424,0.194104636281646
"CNAG_01464",-0.409363683208126,-0.490401677053697,0.296492041380777,0.117011093275705,-0.573546149772037,-0.691857520447286,0.120969515435641,0.299998183252319,-0.320992072357193,-0.156506706750502,0.202431196045204,0.315382322221206,-0.0405651886783094,-0.0976912456169412,0.744081079732045,0.684558812541203
"CNAG_04262",-0.184748639332576,-0.204202034288038,-0.10757008643096,0.868546568592559,-0.345735984326133,-0.217995992449617,-0.125360586431281,0.926681015884,0.277815670787143,-0.0889566597521299,-0.259537575252532,-0.0867385131417047,-0.430374200898978,-0.21762100886457,-0.362328530395536,0.558126556300358
"CNAG_03727",0.446173689711362,0.349981348361627,0.427813298090769,0.353047838724363,0.382820354921474,0.445464715630939,0.321577355884216,0.361965911953725,-0.050892916618043,-0.305147934155535,-0.251521793120922,-0.379836974280892,-0.512618517058753,-0.515912063568278,-0.523430569506653,-0.5494837449694
"CNAG_04622",-0.30114237411204,-0.0981525173312052,-0.651079028271934,-0.349621926736027,-0.312742210124286,-0.215738331059819,-0.341256108592009,-0.615578592880069,0.141798925459185,0.264446247330177,0.165879340820264,0.310086720964622,0.363780506699809,0.725087738908583,0.594603040874962,0.319628568049788
"CNAG_04217",-0.16713101092456,-0.0933898905125865,-0.0834434900979009,0.415506948747046,0.148202026954452,0.435818768439587,0.0856114005927004,0.885261822273616,-0.428285333597033,-0.0909509711652188,-0.484989803852415,0.471515567651391,-0.584260082429129,-0.141470287117196,-0.579610495323839,0.211614830361084
"CNAG_06657",0.314762262834805,-0.000926729753765621,0.479094779143383,0.65447984136363,0.0550995537932373,0.23698397650806,0.304128794460565,0.591795340568149,-0.260034189474236,-0.28852462887862,-0.166440181872958,-0.15263851010639,-0.736670840807561,-0.529106211709736,-0.556713033773965,0.0547097777053978
"CNAG_00581",0.415154867747974,0.405441034301036,0.298421943903527,0.505549506852795,0.373039218306607,0.47295894138345,0.218798265191269,0.400818342947625,-0.672004085539104,-0.357450952115217,-0.366586470991429,-0.375718193161179,-0.477184530520887,-0.181478566679294,-0.364277513469826,-0.295481808157342
"CNAG_05994",0.543404301221086,0.412045013830781,0.225005762599737,0.309176453643559,0.403157208959485,0.406534936855868,0.164919838941874,0.309350894349796,0.219105779808663,-0.130460058321825,-0.328407539431852,-0.36050821286238,-0.506354916159406,-0.69604730564412,-0.449566617500199,-0.521355540291061
"CNAG_04625",0.48037161053576,0.524092052707333,0.342298239449939,0.229616941234495,0.425904833430401,0.45541815440164,0.298058963261138,0.301532010591364,-0.473507367855518,-0.258598729116239,-0.364235897982857,-0.180562841385745,-0.639235097099423,-0.245646272769497,-0.485191917724256,-0.410314681678528
"CNAG_00735",0.50413827854732,0.709907586152647,-0.187822213485053,-0.0643506241724205,0.725658212009413,0.668935157670532,-0.160646938710017,0.0581280080709297,-0.271896108269417,-0.244909097870915,-0.251602779856737,-0.439925327754492,-0.217759737969796,-0.0607102701228568,-0.468691652063577,-0.298452492175559
"CNAG_06432",0.077907183149776,0.201832963566929,0.323480098163897,0.635525780136094,0.0745907922158935,0.358547838777419,0.441914296194472,0.693788982022284,-0.515399897323489,-0.304379921376588,-0.448799059101304,-0.225309099663892,-0.377131734563234,-0.597207441878346,-0.115319880205737,-0.224040900114176
"CNAG_06576",0.0638142626681422,0.0193166801396867,0.172368670626188,0.490750340648709,-0.0984850682634733,0.0429420752151302,0.284834362687292,0.423303813614211,-0.323807474655334,-0.75925124147494,0.0576845522555853,-0.363440732678891,0.336255068197017,-0.702365934949432,0.672348212657219,-0.316267586687106
"CNAG_04142",-0.402283209973512,-0.257921474351799,-0.314292360279548,-0.398591852020851,-0.306944557402571,-0.332095920729277,-0.253706058305031,-0.536572830744667,0.0925828559149924,0.0640759256910091,0.314460473601387,0.173657493449794,0.519101581912987,0.362098007914335,0.870591423426258,0.405840501896491
"CNAG_02872",0.339898011808409,0.522467164078987,0.47410468200351,0.451574166836905,0.344146096065852,0.291285862350367,0.208551938653758,0.372206738478492,-0.371553470781342,-0.278941381575848,-0.29859216810631,-0.189093153713582,-0.638612693980169,-0.317387070486471,-0.597152037191518,-0.312902684441034
"CNAG_00146",-0.364093473790421,-0.388557666009278,-0.155348043431678,0.59385131792855,-0.283260926416725,-0.225291650730687,0.432627745870811,0.794713760282232,0.346719845190297,-0.0943255184288692,-0.0587264511926211,-0.0915118755090258,-0.308331006267554,-0.315962201863664,-0.466179331385669,0.58367547575431
"CNAG_01600",-0.270456093770763,-0.111625081811585,-0.427926001252612,0.0586291155892606,-0.139997004972617,-0.0846798112189173,0.12231212744253,-0.337815142389838,0.374466950648694,0.510433539665154,0.707304041867495,0.833443179642542,-0.490977218485434,-0.125694682000379,-0.313794316092926,-0.303623602860611
"CNAG_07442",0.465000218532063,0.472333205436252,0.269386736467412,0.38292177497639,0.356788834935424,0.537475347143674,0.224889684845605,0.254856181240346,-0.667135362752992,-0.247324373504311,-0.327097112648335,-0.386335820809354,-0.430390155452381,-0.115027829897482,-0.426793451016225,-0.363547877496078
"CNAG_06276",-0.104964268252917,-0.329753937274252,0.284855550456372,0.607586567606979,-0.180206078005866,-0.181863554093788,0.437309821501504,0.645648054709318,0.166411127659347,-0.0788286564755083,-0.120402647495991,-0.0215324267352468,-0.490514198283308,-0.311288591917243,-0.783968501004318,0.461511737604923
"CNAG_03713",-0.223059106539564,0.0506959481245888,0.241283876061607,0.301695482387057,-0.395146149506701,-0.256183697675413,0.564248727693082,0.248426853901167,0.998857212057031,-0.202906063149465,0.187317997244776,-0.572307630085474,-0.250378978597206,-0.334299580407756,-0.158568555125981,-0.199676336381748
"CNAG_05075",-0.701337152484458,0.00845774565536939,-0.298860913983932,-0.135343541649989,-0.346181630337286,-0.288572606409446,-0.262157096146881,-0.208224395493438,0.524346146825452,0.0598235352923551,0.840307216682148,0.368748433929603,0.290185499607342,-0.143074427482261,0.502453520826156,-0.210570334830735
"CNAG_05914",-0.369429314645759,-0.051865988992474,-0.538936716785697,-0.637206543784836,-0.130594287132218,-0.0690625113441969,-0.296618773830589,-0.469675051531958,-0.048988615904058,0.236691462996918,0.087606181701422,0.227528220397341,0.320464785588361,0.73129558775639,0.458899817136825,0.549891748374529
"CNAG_00637",0.217998527074037,0.510113954570517,0.273753889594341,0.226384275112135,0.419595941265064,0.611453069419376,0.179049327861692,0.433615128423951,-0.522758479881627,-0.279394348003008,-0.580300803783791,-0.293945613184195,-0.475133196948259,-0.113628609835852,-0.430229609410093,-0.176573452274286
"CNAG_01533",-0.07983790256612,-0.149325587558453,-0.162626487695107,-0.441356156721436,-0.196155250745277,-0.135906080981625,-0.27308354799453,-0.321083317580909,0.757618114616809,0.669680515821713,0.487956562643785,0.689400312597904,-0.273818017656865,-0.215078558044798,-0.199559438889131,-0.156825159245957
"CNAG_00107",-0.0235079634186492,0.157106062091243,0.288381322231791,0.629321252410662,-0.169654170202834,-0.0643571655785422,0.577015253166798,0.810597698672678,0.0249143083788921,-0.0732589799918655,-0.203291838929644,-0.314306547960975,-0.580372297905999,-0.437293573602804,-0.379261629722621,-0.242031729638132
"CNAG_05263",0.377937039970464,0.484576506036717,0.397909002398419,0.425623366686068,0.404426033966403,0.37521044083011,0.257487359770261,0.184850112048216,-0.0541082213469126,-0.362247151953483,-0.199276654909498,-0.332155688552313,-0.448622644443876,-0.468817169646154,-0.552273510830532,-0.490518820023892
"CNAG_02353",-0.121622471331796,-0.18542187928468,-0.0882081456735238,0.946203398605991,-0.286661989656524,-0.285291045055326,-0.233425807076117,0.88887524211307,0.0144891565774916,-0.175663068377771,-0.104694426372396,-0.121045535317573,-0.188109979724785,-0.235251995289857,-0.251055191178102,0.426883737041894
"CNAG_02448",-0.174298416403303,-0.294935654039118,-0.0505616373737308,0.752415139667738,-0.358059759313816,-0.267789959965317,-0.0453121575542212,0.847208842099,0.341314110938933,-0.0687741399566306,-0.141024315684717,-0.187583431354001,-0.34941408758972,-0.16010919796055,-0.372741734275022,0.529666398764469
"CNAG_02531",-0.214403794083014,-0.305473798185639,0.0447998757312202,0.583824293183124,-0.342584220360004,-0.287532726604554,0.121506888137146,0.762392629063809,0.414062614028318,-0.0507639018871409,-0.135148571325221,-0.0335905380564547,-0.372599178958616,-0.425453814459388,-0.387357650316999,0.628321894093411
"CNAG_07739",-0.244313643454788,-0.0316228426912044,0.182152981853944,0.22563815185516,-0.239773802798736,-0.184212830099373,0.494995260338165,0.491590768560755,0.919087154837801,-0.00412553995841947,-0.0659855114017667,-0.641937590499953,-0.471602432478781,-0.30315013162013,-0.161972566140314,0.0352325736976429
"CNAG_01653",-0.504296890609076,-0.277040251588129,0.0699342986270342,0.476838073705563,-0.149944270052398,0.100289653969051,0.431401814476443,0.449333997442695,-0.754941331751871,-0.0144082379854975,-0.0445053267103219,0.427265658238081,-0.594867385074018,0.300172358604884,-0.220011098867468,0.304778937575037
"CNAG_04291",-0.357514627610868,-0.197972154962514,-0.418779381628635,-0.359222063683832,-0.25312887278892,-0.26149909401413,-0.496345413535249,-0.412283854700899,0.0923401786632976,0.253586687305555,0.217905129420577,0.137894816073421,0.584295902587494,0.709483020220143,0.499454097160012,0.261785631494543
"CNAG_03058",0.571523114725329,-0.164750833903513,0.403459499742091,0.535612718487535,-0.132875866597772,0.189237245015248,0.488159797394392,0.554378364042364,-0.499940785749654,-0.244098219553171,-0.203785418415531,-0.180152026035671,-0.474456796352005,-0.499981687306709,-0.166142634850607,-0.17618647064231
"CNAG_03346",-0.164211461950037,-0.255088088411858,-0.402357230538135,-0.459891639264818,-0.314286464351778,-0.309511584571137,-0.396503368718756,-0.497291443736252,0.423074250126934,0.564060129498191,0.148303534845763,0.213915079035729,0.395821600175553,0.672796338454045,0.137738187041533,0.243432162365034
"CNAG_03670",0.00931886506197266,-0.23577559004165,-0.0137676466169552,0.610429203576299,-0.0642730704382135,-0.035748949822267,0.252425553816941,0.674366734967833,0.315375245442199,-0.140765243152471,-0.0196920615111082,0.0820198293598917,-0.667672749769185,-0.42135250188362,-0.698206392657433,0.353318773667764
"CNAG_00407",0.326005629553926,0.267185083165328,0.569815412089818,0.481993850025805,0.0782192185119577,0.224311003152597,0.36663445432896,0.465009643203777,-0.189416011451216,-0.233591462681312,-0.158577928033706,-0.328732944532199,-0.577546488251516,-0.584696533780905,-0.455809869875589,-0.250803055425713
"CNAG_07594",-0.560708983356111,-0.213569216944132,-0.162541481237465,0.0906333631902907,-0.334448705242764,-0.404520111937503,-0.0904214538717891,0.3234442565892,0.279578832976021,0.42436909131977,0.570337726657588,0.805075261690728,-0.276562334820191,-0.458058483160148,-0.0418520325197509,0.0492442706662555
"CNAG_06163",-0.00738064590203802,0.153104962015542,0.487928855581194,0.517646356317381,-0.126021571186506,0.033109316014011,0.546462222290275,0.610236323924867,-0.369885305401255,-0.647312789175155,-0.258805588975857,-0.594443624466575,-0.0500794828701485,-0.32233237795385,-0.000978321426884143,0.028751671214998
"CNAG_00378",-0.324016411878095,-0.410585711258578,-0.0424355617428365,0.527251640316022,-0.353682627366597,-0.382678046781725,0.123848476763825,0.740828748400597,0.197991932787371,-0.122209857790262,-0.0742955575209496,0.196285163495418,-0.307930566359795,-0.224170297933542,-0.297668122143429,0.753466799012573
"CNAG_01193",-0.247449579916439,-0.238150123424644,-0.199034242150193,0.811119164023191,-0.160156644509513,-0.306305996719329,-0.0497560973030913,0.695769596513645,0.208151230481236,-0.115326457169387,-0.158545774223763,0.108737005120546,-0.405880122913067,-0.0688836622040689,-0.473993141599915,0.599704845994787
"CNAG_00540",0.133502533971479,-0.253309428082666,-0.0320903498155651,0.894210003012611,-0.155055606204984,-0.374943620682509,-0.0576925997316593,0.761011346414456,-0.0464066777507908,-0.333718648791516,-0.0697551544069546,-0.0766493164110642,-0.288946946499042,-0.275457613391396,-0.318813183425357,0.494115261794964
"CNAG_01965",-0.527170831365273,-0.528458456895788,-0.303738842183617,-0.246236403724445,-0.427875008662066,-0.496136550828827,0.100397169450968,-0.166817286139554,0.536176516213565,0.512529754042976,0.410309984263513,0.122802997458264,0.276749649583002,0.385644009879115,0.0620107275765545,0.289812571331615
"CNAG_05962",0.31181574389854,0.16276769649349,0.316978309389469,0.496093517071409,0.0936949505995734,0.0753161191573763,0.459977277669612,0.561425581126528,0.112843798301664,-0.106407159690254,-0.225498822949414,-0.268811042315839,-0.530805114256261,-0.690982006226079,-0.452889074371098,-0.315519773898717
"CNAG_04416",0.146939381665026,0.0981217796836198,-0.17790057336999,0.610868676891951,0.108976037128226,0.394982880849701,-0.0913476951668946,0.927637600501528,-0.185164690496475,-0.310368035873518,-0.193002540956058,-0.181135741485415,-0.467017131440139,-0.407616066945045,-0.385899936577971,0.111926055591447
"CNAG_04185",-0.0323379332514317,0.085666826069934,0.0646039820445115,0.293226465648377,0.177227979058605,0.403683033339091,0.0681136665146624,0.647800096974576,-0.850033545828019,-0.127926760868892,-0.510813840771368,0.0345348050349017,-0.509342383722482,0.14555157706026,-0.259291687827922,0.3693377205252
"CNAG_06802",0.421422842948648,0.403943200060389,0.878431486480683,0.592191472989085,-0.24618308362501,-0.00907317890702863,0.110262755213347,0.0199655219117574,-0.325952252234699,-0.393617057394756,-0.328651036997104,-0.317276570084218,-0.274782507847538,-0.0871545606957058,-0.283992394517602,-0.159534637300253
"CNAG_06470",-0.231949858439976,-0.180943954152412,-0.0457730248412593,0.730955220325614,-0.193747707839296,-0.302775591030246,-0.12179135125358,0.930327810355867,-0.0773116202361033,-0.178890862985591,-0.0152065335793807,-0.0117937385123881,-0.323393230362015,-0.246800804377009,-0.258039366072516,0.527134613000297
"CNAG_04735",0.354682939574191,0.390188505454738,0.22791012600363,0.362963403018899,0.317844560592246,0.382425649018332,0.19128280114025,0.3860572949683,-0.741187833879463,-0.208362199034267,-0.439082786715575,-0.23952374196306,-0.473813948871312,0.0369209714282661,-0.453374540631838,-0.0949312001033409
"CNAG_07784",0.108872809507318,-0.175089333150096,0.516878568765144,0.399875072705321,0.0937597263117844,0.354477540768487,0.41522186375377,0.482555828519956,-0.799481065241322,-0.254825074273182,-0.227721431390334,-0.0111275196394356,-0.377263639514146,0.0575616646594028,-0.505954947860603,-0.0777400639220627
"CNAG_06758",0.211897659256206,-0.0848237314012046,0.319727505025579,0.429154948495031,-0.0473228861118713,0.0247681718971471,0.476965803327502,0.524614631041143,-0.659545777882741,-0.234581614390709,-0.28417547394171,0.15210607190482,-0.639524543399878,-0.0828392235506819,-0.445883351014044,0.339461810745416
"CNAG_00564",0.00999062204092738,-0.251904347917152,0.167400677991339,0.773021630547385,-0.172320406605194,-0.268259692087166,0.0394880922081029,0.781127335191661,0.184984072520958,-0.185736948786359,0.023827969768849,-0.162335561698095,-0.4117190957321,-0.424424891098751,-0.445784236458639,0.342644780114227
"CNAG_01521",0.065390064797449,0.130346637055762,-0.611544316697599,0.318855577946843,0.0320152945846655,0.152250019467874,0.448958801560127,-0.418592729782755,0.75914066108311,-0.044737532852543,0.308016471157133,-0.509236149228775,-0.526346391570204,0.0611834792734269,-0.208994363405031,0.0432944766105177
"CNAG_03644",0.389762407776759,0.509270533617579,0.139770885004911,0.263531274388793,0.500740524863339,0.55695913488519,0.156420252651815,0.251139121783666,-0.445680266720752,-0.248655954785421,-0.363917543311602,-0.287748124145886,-0.391827016107278,-0.378415489939399,-0.26153966021244,-0.389810079749272
"CNAG_00074",0.227785978037417,0.341173690353353,0.398601896039219,0.466362991390747,0.283529984966119,0.238205342357896,0.325764748992006,0.302867558693244,-0.278237823021863,-0.440189719368673,-0.00454853916743403,-0.285254097324362,-0.260274972763739,-0.74599477746996,-0.0398918156374428,-0.529900446076525
"CNAG_04866",-0.156401889715172,-0.104681868392682,-0.00678403895191604,0.702768611128482,-0.207793791036195,0.0645287736607623,0.414708070003766,0.582313136730367,0.428935777929016,-0.29715173869636,-0.0108834123550832,-0.36668188343784,-0.40597224222411,-0.336028047874575,-0.539887509679623,0.239012052911156
"CNAG_04675",0.355430611427218,0.346858030767724,0.300793956157689,0.333404934302528,0.223963977829225,0.240742085229982,0.323958670995397,0.105916521080017,0.104499814600983,0.0896091936852539,-0.00704614638191003,-0.0430073384033509,-0.650026483349562,-0.624153843705436,-0.492294075665166,-0.608649908570589
"CNAG_00848",-0.0863316887335781,-0.472033511537429,0.433585933244972,0.533139208390105,-0.443956004113861,-0.314521029892088,0.484508582814989,0.548168312528409,0.0790924366100505,-0.278420182782128,0.0891303789096494,-0.0154799964457926,-0.301757926833449,-0.557867259918934,0.0084545695030549,0.294288178256034
"CNAG_07949",-0.291187569076061,-0.361706971948696,0.0565777147975419,0.517053961183422,-0.288249706339153,-0.215818641124573,-0.00900953176363917,0.945576727252514,0.0631943744804344,-0.000849462318529781,-0.100856888863844,0.122640211913534,-0.31444348712365,-0.181859479484096,-0.436466125337024,0.495404873751817
"CNAG_01811",-0.144627950788708,-0.395891366786632,-0.093620771817795,0.555006546024943,-0.346071782117422,-0.378334217731128,0.274883101378764,0.67178418267585,0.226935340407897,-0.107517540981958,-0.139886778563902,0.0719564634663517,-0.249403768789939,-0.355551612129606,-0.272676120638662,0.683016276391946
"CNAG_03019",-0.369481361722118,-0.194217918857261,-0.188642551640962,0.70820875458447,-0.144938140239313,-0.188845758477245,-0.0637462595117348,0.911344193931428,0.126112279619951,-0.129406315260378,-0.195858648933379,-0.0286071580519485,-0.260782099708798,-0.205176866894365,-0.263422100867346,0.487459952028994
"CNAG_04657",-0.570780356770527,-0.11914494154387,-0.416031989442416,-0.274485601772699,-0.251040545915366,-0.199931086717256,-0.303662647772862,-0.342482785332091,0.116130797708474,0.0371463549223492,0.320933598897573,0.271233198794852,0.555212376240161,0.237444398838462,0.774845033392078,0.164614196473135
"CNAG_02470",-0.23710343238499,-0.244573844153905,0.126143058150518,0.582645065286634,-0.202079396040032,-0.068996880422711,-0.0530798186062906,0.977290289372924,-0.123738696927569,-0.188001758620588,-0.113188886856433,0.108045390491544,-0.399309464010697,-0.2763138862658,-0.320107032641241,0.432369293628643
"CNAG_07874",-0.175710475052432,-0.293412664485154,-0.0639096369984617,0.0655274227544851,-0.298835904375724,-0.222793586815879,-0.000566252853345439,-0.112459702891433,-0.135690592492292,-0.299218268438436,0.143472551733285,-0.254511100036153,0.740263701516207,-0.144401379023602,1.0127063194837,0.0395395679752291
"CNAG_01283",0.0982542583998729,-0.0388900777558963,-0.237951928464583,0.800797837266339,0.0467833806984501,0.142768659678142,0.312537492625394,0.568191032716314,-0.0765668308076766,-0.256824146834758,-0.26289892749411,-0.195876910563149,-0.646381754340024,-0.10569660342068,-0.456870412130733,0.30862493042709
"CNAG_03894",0.291573078149835,0.412089225941522,0.0289694845099833,0.452234596225032,0.546974248261958,0.401332994544561,0.154053243143101,0.292457366640158,0.00827153345613141,-0.318242034658955,-0.289356971815829,-0.281704309215096,-0.496766072156269,-0.39895349378336,-0.545988524539252,-0.256944364703518
"CNAG_04837",-0.199673100425233,-0.562258073655201,-0.311004054781039,-0.298118226186741,-0.357988587889251,-0.348541828915193,-0.316856962225186,-0.194384175939025,0.310464790129645,0.441604707751303,0.134527113779525,0.185251699223681,0.251750902828675,0.668164860457738,0.0839774776571431,0.513083458189147
"CNAG_01456",-0.588293591080015,-0.614674949740895,-0.597702973633358,-0.491521959673705,0.257759630611533,0.305972788216427,0.126831073953522,-0.0139960601699203,0.334864280134559,0.353692189637229,0.32619826868356,0.246432206303106,0.151997624841853,0.2894629137566,-0.161202463181917,0.0741810213414187
"CNAG_04758",-0.167506229970155,0.00922528705822945,-0.452881516284122,-0.459213118501174,-0.14508408742963,-0.0238524621741094,-0.406825215123337,-0.339595485867147,0.538853541682815,0.499140873092333,0.46072197286595,0.528320180961577,-0.371243454943545,0.326933246696592,-0.0907114830183113,0.0937179509540309
"CNAG_02512",-0.110206435155543,-0.112645053851846,0.0979955854131251,0.566037133429271,-0.0909762429951702,-0.101444821386787,0.198617077411724,0.756076354830279,-0.481135787097218,-0.18188242626263,-0.319979106389548,0.296213393923008,-0.515692450146076,-0.0828243093454866,-0.358200092629181,0.440047180252073
"CNAG_02490",-0.0555314688658211,-0.368542684389164,0.0841228963245531,0.540946628736657,-0.292555341273397,-0.250732971341549,0.274719206592721,0.450760896167214,0.389544790435259,0.0139336745904597,-0.163369114695669,0.00479294337322322,-0.386230007699814,-0.318579298472232,-0.565214254784189,0.641934105301754
"CNAG_07401",0.349246223635769,0.455681828336099,0.251542206291933,0.387010325455526,0.295097233748484,0.335355316402002,0.35823443436184,0.340104923137698,-0.279463871350406,-0.165838178340826,-0.372242980283551,-0.341015830181041,-0.442445633832848,-0.507769849473536,-0.281568274427815,-0.381927873479327
"CNAG_00399",-0.324574119196923,-0.399062650007911,-0.0825236442936994,-0.231536041350044,-0.489262726988517,-0.471389386798121,-0.292863095711583,-0.316080020265442,0.349090459325815,0.0907857826101246,0.356075349534878,0.153226180583511,0.54100865220933,0.442073724064349,0.494243206156955,0.180788330127283
"CNAG_01777",0.30131152079657,0.357925164094498,0.310083774703804,0.405606031751649,0.353601932244983,0.476707340805721,0.30706197572569,0.181295346362898,-0.216321347820323,-0.207157741116655,-0.20771837363348,-0.331452947297345,-0.324242999969394,-0.479447516683067,-0.30851937879801,-0.618732781167532
"CNAG_00264",0.314787548759746,0.444353187630583,0.312766533331873,0.319953080818754,0.411588067847182,0.381914698755176,0.30905961661068,0.257672119439446,-0.378180930204712,-0.389180998451193,-0.287370212908018,-0.189370140497942,-0.463518217930151,-0.489295585067305,-0.251540964605638,-0.303637803528469
"CNAG_03326",0.358916191933544,0.583551980110911,0.0227496019393136,0.189569681270604,0.40048542505811,0.42825586216868,0.101925913533541,-0.1398527341636,0.33831819721573,-0.154808012300781,-0.0649790544506388,-0.501864903785807,-0.208787051209653,-0.328208628995084,-0.380092236850435,-0.645180231474431
"CNAG_02495",-0.138737217722035,-0.434622095396662,0.156397025467511,0.299569062714282,-0.201999650265213,-0.128192529512232,0.268237850244775,0.58861570900126,0.405936899360006,-0.128307635649501,-0.0622208057239462,0.142977678959562,-0.42825917150998,-0.535401381919749,-0.389445257105251,0.585451519057184
"CNAG_03835",-0.0405713825627849,-0.400198649169541,0.367008852675983,0.623518165540611,-0.366688109070276,-0.25175053307429,0.341334019141101,0.533681450012429,0.414006427821203,-0.078053258312611,0.0785511108849786,-0.176412518839818,-0.304308398627112,-0.236947501846531,-0.552337128068984,0.0491674534956523
"CNAG_03438",0.283158391817683,0.222355826634088,0.450121788635142,0.438564704779287,0.211557390631926,0.195615430983823,0.470174481752951,0.326787458716844,-0.559391109586851,-0.25247220375366,-0.259525874309412,-0.166119920915413,-0.500310573997698,-0.461771373199543,-0.158772349937436,-0.239972068251735
"CNAG_01354",-0.0290566933349332,-0.063181948408138,0.00521653797128607,-0.00503795547477637,0.240124278480113,0.198135401953733,0.028516162542104,0.266263605254528,-0.926394323761558,-0.256603538421365,-0.402416455174947,0.331955622263839,-0.257192060399511,0.418993242120431,-0.116883301322472,0.567561425711681
"CNAG_05867",0.395648773807343,0.389079123192269,-0.251922501223959,-0.257357229525908,0.464513227487943,0.509714675311287,-0.0873137477760224,-0.133201190645028,-0.383787486450228,0.15831762632047,-0.510229009833497,-0.313903904175204,-0.0983621953466294,0.519435077548339,-0.440739182165297,0.0401079434741298
"CNAG_02297",0.316647017650052,0.204791582139233,0.304507157929182,0.331197553726771,0.245270810316248,0.521027042126903,0.147216876396893,0.398331682406573,-0.762315428087582,-0.212658882150631,-0.288833217437519,-0.124512867639247,-0.441017953038795,-0.161594568697522,-0.225918239217551,-0.252138566423008
"CNAG_02942",-0.479314403348907,-0.405997570145251,0.0368501635842042,0.223293894108569,-0.533386929700504,-0.276002828058214,0.133539397964795,0.414670694456986,0.0578326079892699,-0.275559120831966,0.169240629594618,0.173289035613286,0.350962829384279,-0.433396120270248,0.65981779174292,0.184159927916158
"CNAG_07950",-0.561026656668218,0.465825420907292,-0.382087781644436,-0.11482811930646,-0.131149972884454,0.270086574800711,0.190200357708443,-0.243586097270392,-0.413847261657335,-0.0244089582123621,0.781426297956191,0.344643331505314,-0.331868335458473,0.0615544671197217,-0.0134555220715331,0.10252225517599
"CNAG_06272",-0.224989149954988,-0.216358983520136,-0.0803474243035378,0.526751304754834,-0.234848355854243,-0.203327652968042,0.244691205155434,0.70928540973739,0.277856370662906,-0.216351669015296,-0.0395240450282728,-0.0904878860721325,-0.307421779825585,-0.368398833261066,-0.373709650645536,0.597181140138265
"CNAG_05913",-0.298932065963045,-0.109833932675659,-0.489582796854898,-0.47956750035387,-0.0937236679949143,-0.00111196543372394,-0.386183168020778,-0.534099948029026,0.169157313730581,0.329757977687386,0.279733959746649,0.234647681932092,0.231327527196143,0.63032958860917,0.339820630425194,0.178260365998709
"CNAG_01137",0.202648659875249,-0.394771348915267,0.467740517565927,-0.0487112534055054,0.127126290087535,0.193670048168972,0.484882524639161,0.442928865658256,-0.369443104501528,0.0506410605986822,-0.467159147370399,-0.171989489058427,-0.498815348915651,0.0803526164636637,-0.438957826983966,0.339856936093303
"CNAG_07406",-0.591511396765871,-0.59248602440895,-0.575998641987572,-0.503611448572112,0.256316659632937,0.0866816671610602,0.0803905254503334,0.107907311450052,0.272904879778505,0.165325929640346,0.412017935392705,0.0683524984479105,0.28022536415352,0.301901943025205,0.148920081907926,0.0826627156939992
"CNAG_03415",-0.343734958619049,-0.033393574507274,-0.0418789938821114,0.244863271497973,-0.178093310306211,0.0985727487651342,-0.0525115012646573,0.567709358459533,-0.595707107933206,-0.0454507328094849,-0.282651404612992,0.623869362349764,-0.39990735055764,0.0814607206661826,-0.170862357434403,0.527715830188429
"CNAG_02839",0.282089950359781,-0.111599605127851,0.253712885712658,-0.137702503576959,0.332968558713521,0.25664185355909,0.248708535934737,0.532312638141287,-0.565437487291861,-0.162588094397123,-0.492289364482881,-0.0349967159417677,-0.469964964744159,0.237374340519014,-0.449506709061602,0.280276681684117
"CNAG_06027",-0.03144709101415,-0.181722042172988,-0.0327714396303636,0.697512211564518,-0.038286252533255,-0.0248464914557331,0.108350635562359,0.829202928276429,0.14035667075403,-0.327253354308065,-0.0620508714194221,-0.368689073629096,-0.354278620950074,-0.306780506171203,-0.28286711088522,0.235570408012237
"CNAG_05731",0.240434720049603,0.140612749895082,0.410867467313539,0.482023428464084,0.30129982184609,0.235704913088512,0.298392245587179,0.457324842233549,-0.346722394923473,-0.222948231422516,-0.273582144921852,-0.181623914748192,-0.368133398014191,-0.388848381565198,-0.530618566707535,-0.254183156174676
"CNAG_04807",-0.278086274572791,-0.354956907552287,-0.407219734419526,-0.228772424732176,-0.351801995044037,-0.220104155199905,-0.331182354658148,-0.3609806304064,0.17114478681432,0.391796371999025,0.203579065426363,0.297606793423848,0.13442728686662,0.627370071042256,0.243805864366244,0.463374236646592
"CNAG_07859",-0.108847136021177,-0.151468784798793,0.096728091242313,0.466382853922555,-0.327500175879495,-0.296569307389324,0.212291833009525,0.672001137978827,0.509764071535511,0.0438451596915259,-0.247522995322935,0.0928922621005528,-0.295565909365505,-0.358871361048344,-0.527846698403269,0.220286958748029
"CNAG_01261",0.145911745809913,-0.0152353896034914,0.482798237713679,0.457592112397105,-0.0145125196661997,-0.00127387252341649,0.395982750695223,0.597271511860145,-0.131633283515693,-0.260752693580255,-0.319536881500477,-0.131068199294344,-0.523983444897246,-0.540376768439868,-0.250424089588215,0.109240784133144
"CNAG_06493",0.237749312603176,0.152293165484005,0.25637643391636,0.410959727076571,0.0465075138831637,0.18601282045546,0.421415875890702,0.49204586644059,0.185229574993953,-0.246981146440273,-0.121477681683858,-0.629860235101301,-0.550388270840902,-0.351817502337685,-0.235617638503202,-0.252447815836771
"CNAG_06658",0.341981425982627,0.172647900043192,0.438259472018343,0.57575292069275,0.054794392495614,-0.00486034602317886,0.102581283943463,0.577705389601199,-0.155724633967479,-0.367218575100477,-0.0749240154644362,-0.358080485499199,-0.384864070818459,-0.336414844126388,-0.484143228575469,-0.097492585202092
"CNAG_03268",0.151768033750201,0.184463880029604,0.267962749040445,0.531577504092388,0.119298860685275,0.331552279463221,0.282792104783237,0.505735896969085,-0.169633247141224,-0.317213929352441,-0.346051555116624,-0.252617170146262,-0.192246595326939,-0.638244584722258,-0.0377596727529141,-0.421384554254784
"CNAG_05130",-0.145494669632654,-0.378892702571775,0.496765254393567,0.345146245993984,-0.0669524702841269,-0.0368955289726252,0.353004855409738,0.617571008455657,-0.473336103724106,-0.25419205837167,-0.174687654560477,0.0188670018102659,-0.423253054394936,0.0292208204996864,-0.314337793281691,0.407466849231163
"CNAG_02473",-0.283217980739396,-0.319930486111806,-0.442135305360132,-0.434440276652554,-0.16884173426631,-0.181541127850149,-0.339330986818007,-0.310852384982288,0.147188185239544,0.353385490239297,0.0620085597881488,0.564109802138596,0.24161070447698,0.462962260500879,0.241003230105893,0.408022050291299
"CNAG_01565",-0.16945583414406,-0.195911976348572,-0.282115179031067,-0.323811410635132,-0.122907830711895,-0.135963054360831,-0.107490717597008,-0.260649162062926,0.541851314800327,0.797547296619015,0.470025120831181,0.376895156947635,-0.142172374645018,0.00906646457732307,-0.189512921620937,-0.265394892618033
"CNAG_00933",-0.275151627822647,0.0311024730344531,-0.409397709510671,-0.48700170230136,-0.120289491578608,-0.103141590773562,-0.472747564030272,-0.449743698767522,0.442580590954734,0.421387912928148,0.115781222602835,0.204693771848206,0.469694852503837,0.218289888894157,0.391953432758426,0.0219892392598489
"CNAG_01601",-0.173396846888186,-0.140420978037612,-0.138992100907373,0.187921982883542,-0.0171060487526518,0.00861618399422337,0.0386766663239753,0.0850501694366619,0.222878808799721,0.50771332194913,0.191553041429771,0.665047425234678,-0.755517292333409,-0.224631289308476,-0.508635996225751,0.0512429524017506
"CNAG_06511",-0.378132545384508,0.131802585708238,-0.628662372665951,-0.316925583376045,0.0770996521447209,0.0923989956861417,-0.417265781634505,-0.475542354284509,0.112521243623017,0.407794282993429,0.0107726547560052,0.285092777862638,0.348898853408552,0.453798535551063,0.343619398959445,-0.0472703433477291
"CNAG_07491",-0.219604218965028,-0.116889853191942,-0.350277740027387,-0.513147203947447,-0.227264182196073,-0.26938158161839,-0.380699009806643,-0.429532790227267,0.325235926213471,0.434264222419097,0.242479897867257,0.224455716791013,0.385413661515637,0.468936696599625,0.25647916447266,0.169531294101407
"CNAG_03461",0.518155208171042,0.492653660492155,0.413211216060394,0.306525567001892,0.210540465112376,0.342752459970256,0.0694446786585718,0.0468543624443196,-0.199057905288925,-0.125596118614476,-0.256434610075671,-0.288304553654322,-0.399287501676756,-0.330739223312622,-0.311026373648201,-0.489691331640037
"CNAG_04345",-0.204253636834475,-0.170192229002845,-0.221035947704848,-0.589629808117306,-0.144860467608471,-0.1274782258659,-0.421689712133645,-0.33601711747847,0.0667414788367733,0.242538152687732,0.0740752580689943,0.153047122433142,0.441503689950755,0.724092324459898,0.25820106805795,0.254958050250707
"CNAG_04025",-0.181949442359288,0.017107822933716,-0.400007950751009,-0.403568582747213,-0.328798416942713,-0.137712756415462,-0.423161361019332,-0.402354492587562,0.146544620588694,0.114587179029265,-0.00308905457972575,0.265565179101653,0.52723579495722,0.361538345300068,0.563480283437542,0.284582832054145
"CNAG_06512",-0.338685951680493,0.00854764682099862,-0.469148724265365,-0.453665958095652,-0.0591332755188017,0.0634557603242403,-0.526996643161199,-0.3175348961881,0.0736007138923345,0.0689354928678689,0.169179250020374,0.29000598400641,0.545513397324271,0.381667505694633,0.478895865456597,0.0853638325018782
"CNAG_02815",-0.344961467784184,-0.252133159529702,0.111989602187858,0.431332434207469,-0.428390954838546,-0.182634378561065,0.251769204923917,0.499760773719204,-0.381611415096062,-0.321263801972977,-0.0114751973565586,0.157098055695677,0.144862560514396,-0.425856881687301,0.54381499429747,0.207699631280397
"CNAG_06800",-0.108128997510114,-0.233252186164085,0.523727042216521,0.518408454848029,-0.30200620305305,0.0549614101784464,0.308683403305499,0.532868481301117,-0.538886937747348,-0.347637044719155,0.0948167749312248,-0.0637201256377669,-0.289927489443084,-0.340450192169058,0.0796631111330228,0.110880498529811
"CNAG_01722",0.325968128737436,0.27676299198585,0.290594897753538,0.430026188271079,0.0615216190689445,0.172549680185536,0.242801500312627,0.474343295234558,0.0892456625287892,-0.483952476069529,-0.148030777949106,-0.364734852006533,-0.336397181429016,-0.561729006548475,-0.141527751150509,-0.32744191892518
"CNAG_01164",-0.133938627670535,-0.118992531042274,-0.349014263771673,-0.263595623397565,-0.283574182298953,-0.155962932515308,-0.310183310007421,-0.513366036418068,0.227420280430302,0.411139256012621,0.134947059323414,-0.0144626217690806,0.329339666645883,0.810551078138696,0.116155123926841,0.113537664413109
"CNAG_04309",-0.114571517834635,-0.140322356380095,0.147120717540057,0.327836234707741,-0.287187916887198,-0.129052622111445,0.0341973848104615,0.59771698593196,-0.499597048223222,0.144520380224726,-0.35143054284131,0.4255192732845,-0.397372801308254,-0.108463944615711,-0.20624342631535,0.55733120001778
"CNAG_06517",0.326711448507067,0.331730438163685,0.174471245135667,0.251818800914412,0.359105250055702,0.264690836946873,0.244066064512968,0.204389335128774,-0.231456884825038,-0.147019687430236,-0.195571929634182,0.177451419988294,-0.617453994249635,-0.572511986212868,-0.490637504564292,-0.0797828524371997
"CNAG_03402",-0.243975503689533,-0.22351617142602,-0.260172033898639,0.544072943673655,-0.229837801673229,-0.206291072490862,0.378306715432615,0.686447710922456,0.228078720332098,-0.0571378111764744,-0.171318953833342,-0.0750844870162446,-0.329065446483456,-0.23834242562449,-0.254153823754914,0.451989440706388
"CNAG_06794",-0.106161754372549,-0.37557214572624,0.0631763805866452,0.534353729346821,-0.297785151191437,-0.165328614773875,0.124274461755684,0.614164827392747,0.213408104426083,-0.0548537436352738,-0.187319431465719,0.0541450601029059,-0.294418375618484,-0.268090413280326,-0.426876118377514,0.572883184830527
"CNAG_02264",0.162879271856325,-0.118145634954005,0.453865214855722,0.374798577391167,-0.0514430840677065,0.112933837435804,0.274287580589767,0.602604443776531,-0.482447388997294,-0.17950204504774,-0.397024235117714,-0.0749376947745155,-0.435272725758714,-0.00420630678335154,-0.448758743794789,0.210368933390508
"CNAG_00499",-0.25288112381291,-0.264828924023866,-0.41191418850527,-0.350407647564738,-0.211588835161266,-0.214553508733156,-0.420227096101295,-0.321006861668546,0.397837857237325,0.480718614200808,0.501798863524683,0.333846139156246,0.267431122428255,0.145629562734725,0.222569645579181,0.0975763807098193
"CNAG_00465",-0.0262678082803873,-0.199006482475054,0.372033186832715,0.518267046506182,-0.282006162155943,0.0408506601965595,0.408348204940703,0.51065353265704,-0.590826761077487,-0.252261135894431,-0.0535099190142283,-0.0138598893782262,-0.425881900999508,-0.297286269304035,0.05326446108384,0.23748923636226
"CNAG_03705",0.377443598134056,0.32765726356865,0.228119271123932,0.433903343851608,0.114252604271599,0.312889117071608,0.22664238570829,0.408758023124337,-0.235274776031394,-0.320507877905694,-0.207262462762934,-0.342759557700454,-0.186287605681995,-0.578219489180842,-0.14343527651701,-0.415918561073763
"CNAG_04969",0.282001923008616,0.592146284812138,-0.0522560773695737,0.0556434966996999,0.498042086875122,0.570173077000549,-0.00515208090221719,0.0868083478710595,-0.143224751515989,-0.271088786195701,-0.0841511133383079,-0.330019244745815,-0.14013299572154,-0.308230946170625,-0.178312638645437,-0.572246581661966
"CNAG_06823",-0.381247243831235,-0.281651651885714,0.0364160573256891,0.586866370955817,-0.266298851675068,-0.221142187520092,0.153909647617067,0.706875346266961,0.120083169585076,-0.182157571790659,0.240182172781424,0.0460854616798985,-0.234664141170856,-0.241524058134831,-0.39980091576734,0.318068395563861
"CNAG_06923",-0.0675974010082747,0.149440456780777,0.351551850666169,0.266095718654755,-0.0510329691821685,-0.00324286916883665,0.352129931912723,0.533979187988454,0.0309028321915985,-0.100368978772977,0.192459528429536,-0.0526292433440201,-0.545909743479649,-0.729171584284479,0.0779283835950846,-0.404535100978693
"CNAG_07334",-0.0342278553924178,-0.127412602619637,-0.346820336004198,-0.476116682979432,-0.154673929110023,0.155088086071775,-0.273269235768815,-0.166129365194031,0.187204193292626,0.497632616091003,-0.441119378586633,0.0502688839968837,0.396666585962089,0.659601855826727,-0.179750814106567,0.253057978520642
