"","2","6","9","12","16","20","23","26","30","34","37","40","44","48","51","54"
"CNAG_01455",-2.16646394900128,-2.14575397885682,-2.19433366196031,-2.23501359018489,0.843280394727451,0.842644861366955,0.758015974155587,0.966113325889124,0.760665961785042,0.628350766465337,0.512866148076634,0.975563690633857,0.787993133724568,0.452983685626268,0.559942832174686,0.653144405377791
"CNAG_06811",-2.0431151385567,-2.03243942169008,-2.09346293804162,-2.15220656112343,0.902006370056068,0.804336142624313,0.91835361421113,0.883118826882521,0.720038141397438,0.488903021985182,0.596958102986095,0.785260482700661,0.779306419358349,0.326531249935833,0.501168511060754,0.615243176213488
"CNAG_01551",1.09724686166226,1.51197753096972,0.999973180725355,1.0790443193034,1.15675459770321,1.23715125072659,1.15692612224118,1.07319149645815,-0.802276195377617,-0.709481046017082,-1.17840091983123,-0.956471797432082,-1.41922665511642,-1.42379363311418,-1.3559764491824,-1.46663866371887
"CNAG_00755",-0.240826232686731,1.96467579297178,-0.469768394367518,-0.263166044010651,-0.690753129981815,-0.336706531933014,0.338723851898706,-0.69670865110198,0.167980583780816,2.15860115109986,-1.36775678825941,-0.714526748420232,-0.0675610378964713,2.53426833901337,-1.25813913073395,-1.05833702937276
"CNAG_03609",-0.233946442402287,2.07050336348742,-0.491443953609536,-0.838718087970211,-0.192578862030174,-0.599357252554919,-0.338211183691909,-0.688110638446212,0.266907862094729,2.05112047477005,-1.09884847574033,-0.483998448554865,0.0415468760510951,2.23652440310889,-0.975756610557125,-0.725633023954612
"CNAG_03007",1.33629583165164,1.691583637574,-0.803666339778305,-0.780137530293739,1.81980732007648,1.64171528544353,-0.923730020346363,-0.853635935061562,0.33502290481619,0.414743455346306,-1.08437744691175,-0.87263725768399,-0.163081910474579,0.315753350794267,-1.13723773279122,-0.936417612360909
"CNAG_14001",-1.77915987636045,-1.78134476206841,-1.81935222121624,-1.87061914528921,0.560291909319801,0.569072443814255,0.592016529237675,0.705549800001316,0.5973467590119,0.643322513487405,0.634761965333238,0.766974279112233,0.51635521213127,0.50288222494078,0.620064233692187,0.541838134852243
"CNAG_06980",-1.72553719723452,-1.77056748562831,-1.79581793597154,-1.86024718602481,0.693290702402386,0.547945179607895,0.666169436718564,0.576932147941774,0.675575100028002,0.667321606835621,0.389748958605963,0.711934255137583,0.604946747620842,0.592544095336629,0.323796386784178,0.701965187839727
"CNAG_06807",-1.70980489730609,-1.74177010774394,-1.75315999768427,-1.82037909856961,0.520460460137095,0.434740880904755,0.510355845512059,0.491971865145072,0.55553841628128,0.526068007868874,0.697477362416661,0.622827548776112,0.736606044611277,0.461117359617655,0.717342440014967,0.750607870018094
"CNAG_06971",-1.65387451920283,-1.63787153537642,-1.68295439443938,-1.75417532660016,0.70409835391855,0.537997034870257,0.649299716853454,0.628997204559919,0.615019015874115,0.631491889599509,0.583348790557491,0.57527347269739,0.430232419164589,0.462948278230348,0.347448700717488,0.562720898575686
"CNAG_06809",-1.61443510073636,-1.64937669896151,-1.64479785844992,-1.71933467685229,0.645513413745686,0.572535849700278,0.419539833903196,0.653550258002971,0.666947535861581,0.579089907355106,0.263194869253185,0.7289548366349,0.546182739654164,0.592846467304271,0.425091753809754,0.534496869774991
"CNAG_01891",0.106707338021593,1.17219617316609,0.0573423448348862,-0.468680037658238,-0.579992515200127,-0.321590237685072,0.308806840585369,-0.396746735074997,0.304565550185449,1.60672111145817,-1.52362403124527,-0.333322888043757,0.140576666809087,2.15658985108132,-1.36828440942568,-0.861265021808833
"CNAG_06806",-1.61155131487685,-1.54782928294227,-1.65867051110123,-1.70221997605647,0.539878497058309,0.527474856518401,0.572892724997201,0.61053691952552,0.597259214098539,0.534329780589211,0.425057379405217,0.72817474481494,0.608858844092175,0.292802484038425,0.577279973328094,0.505725666510781
"CNAG_06808",-1.56375246707093,-1.60013058405097,-1.61260559832438,-1.68702640884202,0.637967581492694,0.609323511614159,0.65337623414058,0.632819494929434,0.423958324496004,0.450846355947911,0.600135224656334,0.657066020864695,0.508091037233219,0.28680474601825,0.449824164726104,0.553302362168921
"CNAG_07411",-1.59361921137589,-1.5284436468769,-1.62428534186908,-1.69969093330731,0.530482125778212,0.651215741240716,0.758185926211665,0.659841465427199,0.556004081459239,0.554401523525799,0.41931259196109,0.681174758800477,0.451936863195646,0.370913608745223,0.384578316312167,0.42799213077174
"CNAG_06812",-1.52050398902761,-1.55815359297286,-1.57090436976384,-1.64720743063519,0.556325818674601,0.622982361316774,0.616395076100144,0.6298440707605,0.776306492868239,0.847989782417063,0.162495674111617,0.655360843659608,0.674242400041402,0.36929861158211,0.166585886547351,0.218942364320087
"CNAG_03511",-0.22200511258442,1.62933276257495,-0.156551610153926,-0.52156111324673,-0.673857651477947,-0.491723837625311,0.201930828846738,-0.405616472607699,-0.174476197431743,1.68310157299968,-0.975091261566724,-0.590136870435348,-0.088818516622764,2.1704395864444,-0.894708367557747,-0.490257739555421
"CNAG_07004",-1.56186111414066,-1.56764900121657,-1.59300060935776,-1.5202195797765,0.540607297042881,0.592996007574163,0.562912529763366,0.673148887704739,0.623547397027938,0.725065780373383,0.267193523493184,0.803985771029842,0.669800995423854,0.371997576821251,0.163351644255208,0.248122893981673
"CNAG_01632",-0.142205525787029,1.44087921450078,-0.428771788950259,-0.502773642970718,-0.340034188629082,-0.0245329710538753,0.127461706249655,-0.369511603189176,0.121708277714704,1.65193450001552,-1.18822496005314,-0.24014206427104,-0.0426876716835203,1.79093527049966,-1.23758255483629,-0.616451997556194
"CNAG_00932",0.0974483377254725,1.42751555738003,-0.280273655528024,-0.238566702965104,-0.532860866117554,-0.284155187723295,0.0104552398581657,-0.436836391574618,-0.108749113624928,1.7009281866938,-0.940138852203543,-0.37688586528815,-0.264811866415135,1.84386262122435,-0.941196163752537,-0.675735277688932
"CNAG_01389",-0.0454841978712981,1.71802148808748,-0.243318380119245,-0.639234878301738,0.0650076935709176,-0.307821393133236,-0.0824942290006589,-0.54080758511969,0.0890756679698104,1.51437664224268,-1.02755067722476,-0.498263048178401,0.169723385123732,1.50312227547166,-0.969785360307656,-0.704567403209605
"CNAG_07408",-1.42708064567251,-1.34473786904223,-1.41804709298681,-1.51955426767601,0.372863931640668,0.303167584408673,0.447302596781719,0.464127578179243,0.463571638279537,0.634352474843078,0.442533241596532,0.55682003077794,0.450058548357844,0.515658360887388,0.455428882596272,0.603535007028662
"CNAG_06802",1.10374637046779,1.17835478974932,1.26010708067067,1.54774440043913,-0.111076920211462,-0.0550416258188582,-0.0998495224177418,0.27533824966375,-0.849284580199033,-0.813500345710483,-0.71944637419378,-0.630505340062402,-0.617640208788132,-0.572913571932531,-0.479122804226151,-0.416909597430076
"CNAG_02339",-0.143649866973632,1.48202560952495,-0.399114113986455,-0.162518129851559,-0.505512711499332,-0.0688328860685399,0.145452446120322,-0.564833928900456,-0.303632565516972,1.7460871720217,-0.787340726321847,-0.218426034088498,-0.126867364346709,1.39078611348299,-0.803684619226199,-0.679938394369759
"CNAG_01996",-0.171102501997119,1.20842474411248,-0.110164048759861,-0.26671829129879,-0.325030022849565,-0.206257271009227,-0.135853602670701,-0.39627433558054,-0.0625498398095932,1.38538991834755,-0.775550507485282,-0.641253849688011,-0.0273871540638257,1.95637390453508,-0.702619284415476,-0.729427857367107
"CNAG_08023",-0.0175868946447721,1.30417778270823,-0.495709565761708,-0.484957712123055,0.0915954920672792,-0.0949075425238437,0.398304951423429,-0.163297922830519,0.12083739247339,1.45638729120477,-0.997541860399614,-0.488630057090782,-0.258737868780522,1.470693968326,-0.9642630960739,-0.87636435797439
"CNAG_01560",-0.501585367756364,-0.397211279072542,-0.441218558160876,-0.652558822351317,-0.558606873633788,-0.362800652371251,-0.484670023352866,-0.505394968430765,1.15663709919669,1.23514484081992,1.49129238113356,1.44017248273546,-0.318795480660561,-0.378318885877912,-0.357088542238606,-0.364997349978785
"CNAG_08010",0.15196110682263,1.45901836818869,0.0802559512471737,-0.346589612328436,-0.433198928260656,-0.342854917837992,0.434543466414763,-0.349113620256143,0.200237852638155,1.3832307452448,-1.11303937868621,-0.345553948892502,0.00851147507961514,1.14209382658492,-1.01348444434829,-0.916017941610519
"CNAG_02729",-0.461129265813044,1.6036501178962,-0.23336050023753,-0.42938311065103,-0.0311656523124446,-0.382893019759389,-0.241188061448755,-0.735237150548104,0.106394735934517,1.59229874213437,-0.636747443743295,-0.505198943453138,-0.0739034890677193,1.36521316323777,-0.42898295576201,-0.508367166406392
"CNAG_06795",0.0896194721340349,1.30306970438816,-0.188393999375687,-0.574953749191582,0.261026317108282,0.121217501800393,0.015353610384726,-0.529484738802416,-0.109852299033375,1.30959005029063,-0.880536346299738,-0.672100050464432,-0.125357418069429,1.59921432552949,-0.829159210135449,-0.789253170263604
"CNAG_06149",-0.0657726113341583,1.36356780269608,-0.115196290911526,-0.243359823265972,-0.228379937175355,-0.284675788818046,0.0753040472627999,-0.422766830537618,-0.0717296470551485,1.34319984151848,-0.970684510055611,-0.446319557460048,-0.160415969797221,1.66096440453804,-0.815424175587782,-0.618310954016913
"CNAG_00419",0.00574644803322055,1.2884741669822,-0.137208242211948,-0.324832356536003,-0.400746376900779,-0.098458196442496,0.552485221994651,-0.305417474996129,0.307830161678058,1.33517234564325,-1.23926355576023,-0.0467616062067515,-0.0478009221093689,1.10825983707729,-1.09698466109596,-0.900494789149011
"CNAG_00321",-0.163175856009054,1.29221248045284,-0.340836779966791,-0.504381423358339,-0.479148422927133,-0.328164158721932,0.0313610815527881,-0.4552730981958,-0.138489890522049,1.58943099987039,-0.643601840238075,-0.286877254795343,-0.087702974124122,1.58152610000438,-0.551365691318755,-0.515513271702994
"CNAG_06804",-1.19942822071681,-1.19474777208659,-1.25652147916821,-1.33675720525133,0.355138536264613,0.458364514846687,0.254681793562758,0.227668204852993,0.582445964990609,0.491073053960084,0.569706165285336,0.366643556349991,0.536623805238839,0.252562965994988,0.504128552776535,0.388417563099519
"CNAG_04307",-0.145273642608111,1.61229232206946,-0.249178365025585,-0.111650849711475,-0.466175533300184,-0.178607191093064,0.0206448113094373,-0.266169094289531,0.144210226562161,1.45446781459549,-0.814834457122481,-0.144587605445329,-0.0343169157482945,0.987267696284493,-0.910558118923516,-0.89753109755347
"CNAG_02884",-0.0963246172232273,1.34028331765901,-0.299680500124863,-0.28818452713112,-0.348753212791154,-0.180326977409459,0.435863653130984,-0.281367339579031,-0.00619007949915762,1.15568235032637,-1.04727882197593,0.098847326502308,0.0489232196204901,1.35000258478059,-0.992472733068472,-0.889023643217348
"CNAG_02072",-0.174868854450414,1.06849756467666,-0.131689040638729,-0.332898047789663,-0.308632528905326,-0.236899841063847,-0.200447265820607,-0.465068080871684,-0.0348152459937827,1.15344568077468,-0.67767406141428,-0.44906406636612,-0.312437296593528,2.00480203327375,-0.643236463986267,-0.259014484830838
"CNAG_01521",0.956189295892978,-0.703511730948473,-0.0765355503707363,-0.248245458947066,-0.700065025106881,0.67731839628582,0.597406644799528,0.908071922922239,0.570109203942307,0.225448757206563,-0.915812680790015,0.680785474619122,0.584417062620444,-0.630918305374995,-1.01851119758523,-0.906146809165602
"CNAG_01032",-0.181513621237354,1.10969335279049,-0.203036140746613,-0.399106822852089,-0.322463423401776,-0.210657065851746,-0.07971641267343,-0.3950695635437,-0.173483757738872,1.25342638758439,-0.496109150905716,-0.345821268565995,-0.110210387235743,1.80050170380896,-0.845842013314201,-0.400591816116617
"CNAG_06321",-0.215853948711594,1.26223118229045,-0.232231335850473,-0.331010647979174,-0.511961587744461,-0.380289430260285,-0.271311298421597,-0.531062411822286,-0.0672110781350597,1.36269167931765,-0.451180619650358,-0.444691280085915,-0.0221023363812423,1.63146875477086,-0.420659385585847,-0.376826255750658
"CNAG_06440",0.225141256750133,0.951630371021949,0.166689232301387,-0.578006768335778,-0.188713373136969,-0.0277026155965832,0.773663003126369,-0.301866217890465,0.239420604726773,1.07304703951967,-1.12340827772968,-0.285960825951486,0.301258554452403,0.90076449323638,-1.21258287681433,-0.913373599679767
"CNAG_04262",-0.257652016332432,1.41965462392559,-0.230634977026834,-0.182059820474068,-0.314761672734448,-0.0159922355012414,-0.175924498747714,-0.402963571028664,-0.0940191108894481,1.28688214553901,-0.742504584655201,-0.38172990340768,-0.103231716379289,1.46511954989764,-0.640760139302933,-0.629422072882291
"CNAG_06813",-1.12327323669321,-0.90206037081628,-1.21518251781642,-1.3661897326518,0.638806914057308,0.435121895016592,0.48457858573379,0.336812585879591,0.532643803465215,0.497597252493514,0.263625897655472,0.374892262739068,0.51420589554802,0.299150993840598,0.2082661228278,0.0210036487207361
"CNAG_04103",-0.363931370664893,-0.714174558971888,-0.349836511000133,-0.83722597703475,-0.444879001966736,-0.664586964050037,-0.632142158127665,-0.74107352324334,0.595016471154159,0.15963800201183,0.538497500647753,-0.18847937761251,1.16781452738391,0.770363410680443,1.24919404837685,0.455805482417014
"CNAG_01571",-0.330789009715921,-0.351321135416489,-0.492964533267509,-0.255679928130657,-0.439768818757857,-0.332336320743528,-0.363289520684923,-0.312761704409825,1.07732289479422,1.09825545919904,0.891883597157376,1.50202889248261,-0.180286859306166,-0.753123368457404,-0.211347156200339,-0.545822488542621
"CNAG_06281",-0.130505665087568,1.01535200252935,-0.138461242448161,-0.375730859541505,-0.564810723352912,-0.377276755830733,-0.151058587528931,-0.442087171632497,0.0787657695805626,1.62451895586498,-0.612786818197462,-0.485580147446369,0.0126605739636725,1.38935531261712,-0.445847429002387,-0.396507214487165
"CNAG_05998",-0.113189997658156,1.31004435168017,-0.303539336942061,-0.309509920337907,-0.304506091472294,-0.170313935799244,0.0890820350162,-0.25727807082112,0.10929834793497,1.1838745152276,-0.614702494405925,-0.425594846464471,-0.0967432848369896,1.43572366711356,-0.745927432361132,-0.786717505873194
"CNAG_05303",0.479284640195381,0.127530655309114,0.563188228452839,0.357943344593576,0.681516632330862,0.518930184191817,0.70144499620042,0.723624405567014,-0.770115227553816,-0.0402603374605697,-1.26319324779663,-0.0433362822968952,-1.03193800732833,0.279083902326482,-1.2425678998628,-0.0411359868684507
"CNAG_03742",-0.371903169098116,1.27403847407962,-0.28626644617318,-0.499788385591893,0.00184048305426643,-0.22416483140001,0.392970299699151,-0.158730572661745,0.0528599772592893,1.12326194600357,-0.659078571963074,-0.271449619772883,-0.243418219262132,1.27188275118517,-0.826877481148924,-0.575176634209123
"CNAG_06814",-1.05668419347831,-1.0747076425899,-1.08748997666613,-1.16559790107871,0.437302040400796,0.475417453237228,0.520173142519666,0.572893335622634,0.170157009847276,0.409006905974258,0.178231658124521,0.353666507997636,0.0648642426434733,0.529065045923311,0.305377885294419,0.368324486227827
"CNAG_07407",-1.07614941208527,-1.01489912413423,-1.10707852041775,-1.18542053453613,0.552899917588827,0.453127498859426,0.515791182816246,0.569543113718188,0.227201744532545,0.222412897381711,0.238674895300087,0.121837471355885,0.490620789357358,0.243338856161137,0.354551842724708,0.39354738137725
"CNAG_02448",-0.258777350359034,1.26820302036744,-0.24205440100075,-0.297408855411329,-0.258919461178634,-0.0436689520110374,-0.284371742245125,-0.45842997379535,-0.0239187389067173,1.23214948876173,-0.592052201328218,-0.137048392571662,0.0785875453716054,1.26668065169067,-0.623768354480263,-0.625202282903339
"CNAG_04527",-0.077914319445858,1.08181629509453,-0.161095732806819,-0.176206775305982,-0.618912632062351,-0.166861549255453,0.259237092234276,-0.436115000409238,-0.0272000930408094,1.20523833788178,-0.52796454039677,-0.334447513781891,-0.226818146280708,1.34837476229517,-0.638697006599694,-0.502433178120185
"CNAG_04986",-0.0928880989488556,0.923997294185259,-0.15982081473367,0.452701858245799,-0.711745258698159,-0.0184081477882216,-0.283748623264596,-0.520554743427096,-0.253508673476647,0.936210257346815,-0.287307675574993,-0.416597860270635,-0.342435441390662,1.60999387909757,-0.296210278330614,-0.539677672971305
"CNAG_00393",0.173889344993086,0.154487113244528,0.0476210622000846,0.273650380316626,0.282183019467549,0.272318283809684,0.181269875659337,0.232774756442256,-0.768426651959102,-1.14639737161763,-0.996590882860078,-1.15903710951892,0.702425275819339,0.472493407322757,0.724467067476997,0.552872429203466
"CNAG_07566",-0.192899461615706,1.07226174490331,-0.20256165766473,-0.326795328265484,-0.0483962194718872,-0.143740707920695,0.253367380608656,-0.202124555650139,0.0686962083489968,1.25310217295312,-0.736405429125975,-0.181230526861482,-0.284541151998903,1.15938346183117,-0.774608149222474,-0.713507780847784
"CNAG_01621",-0.40084330117705,-0.364393775331079,-0.687595102231864,-0.545646517031377,-0.247127840991309,-0.300010216934831,-0.411597398471352,-0.248930140512851,1.07658200308866,0.973631376565487,0.959359497189292,1.12426205922782,-0.202037902019375,-0.385906309026399,-0.11596042527176,-0.223786007072004
"CNAG_05134",0.342194036030581,0.44274846209727,-0.0440999841068752,-0.224127793273348,-0.484118761349653,-0.000110314369228703,0.336481806539152,0.191077375170271,0.669996912319143,0.947684123418093,-1.21887490065546,0.432594034162196,0.459935989816946,0.0192555621232025,-0.970985224860255,-0.899651323062042
"CNAG_06347",-0.402646216932569,-0.204225933528388,-0.39689572265824,0.299679920259715,-0.595305371233442,-0.377442481601198,-0.372083728203279,-0.138244614079873,0.346120805254948,-0.537903801344431,0.159831942278911,-0.224518197383876,1.34826230719635,-0.334979720313187,1.48278763908272,-0.0524368267941515
"CNAG_03569",0.304603878084507,0.937075055261126,-0.0664193997167102,-0.65643640765201,0.286600230101719,-0.274090530806824,0.590016670143959,-0.454136207450302,0.72022610387024,0.539615033843641,-0.842644329425227,-0.144396636697278,0.15849639067967,0.646536210264376,-1.03992196630513,-0.705124094195755
"CNAG_05346",0.140021791102864,1.09205341872339,-0.352520804574434,-0.560472589508855,0.0756921758737192,-0.502772737517626,0.50840928430121,-0.20235845758183,0.365671995475879,0.940576183427293,-0.750106071618728,-0.101206901747789,0.0367745668081776,0.766683146843347,-0.964367336239381,-0.492077663767236
"CNAG_07988",-0.19876302295194,1.16632400049637,-0.06511965929624,-0.613069832671979,-0.382511652138826,-0.23487926501829,-0.125230437223801,-0.27517016174032,-0.133605039947016,1.28499229125338,-0.384103452423036,-0.317108733306436,-0.160816658043728,1.1150476900919,-0.497923807459131,-0.178062259620908
"CNAG_03019",0.0891916317805759,0.922153705743731,0.214366941471807,-0.223708460883605,0.267340651039026,-0.0788042011359327,-0.0607602255191058,-0.0838117058132584,-0.361513913495987,0.951347168887717,-0.899632871807371,-0.393805644539925,-0.440723850509997,1.21769221501573,-0.824263011399474,-0.295068428833922
"CNAG_01524",-0.395475272740254,-0.415785208392552,-0.272996867573626,-0.399553439792344,-0.476169568407986,-0.429263006860901,-0.40501458918064,-0.512649901782176,1.00405358272434,0.882835286911243,1.12299672831515,0.942731281452714,-0.26667102314742,-0.202995059692715,-0.00426639172943766,-0.171776550103406
"CNAG_02531",0.115471025914371,0.657795520263256,0.00135484374244754,-0.291460085998758,-0.474283608485228,-0.161660603488428,0.35408074781733,-0.17836464590074,0.354233945362171,1.01817637866507,-0.792730913938146,-0.235380398980979,0.0554499555182595,1.14235002783016,-0.85152554982033,-0.713506638500449
"CNAG_06470",-0.206657383422757,1.280363439111,-0.165010727578895,-0.255072800869421,-0.516606462444902,-0.320428088825935,-0.209367574621977,-0.43756546950153,-0.0626402434152755,1.24755969628108,-0.295150151512013,-0.369262080777425,-0.0673792051789244,0.984630588779977,-0.326976378969783,-0.280437157053212
"CNAG_04028",-0.030379479624882,0.96273227685983,-0.153291313519452,-0.366795700232338,-0.395048060553405,-0.258849829731911,0.282003699612323,-0.298282329183289,0.0265532220374673,1.12156021816721,-0.686882922284173,-0.294997877355973,0.19227501038864,1.10581724148462,-0.543108177619514,-0.663305978445166
"CNAG_03229",0.916755147626056,-0.2502508107184,0.873656042907781,-0.521028618031727,0.0409872859956621,-0.546510216549896,-0.0573837911706168,-0.43746286538741,0.60756911778688,0.537759426936227,0.6167522880299,0.558957467869259,-0.681976553727289,-0.479152044467426,-0.762570727998962,-0.41610114910004
"CNAG_04806",0.440901168783739,0.373271577590309,-0.0379209523703032,-0.392603863136401,0.379855721543692,0.18189151480637,0.338240348741664,0.357534757236271,0.637987200049821,0.0722689425600489,-1.26762314306928,0.29763410132035,0.192585719963212,0.200380079657853,-1.3911472376353,-0.383255936042049
"CNAG_02475",0.507773505317962,0.340074531715695,0.296383688106379,0.287319480045577,0.619402634460302,0.49822328868609,0.554212636937377,0.621597783726344,-0.605885069870672,0.0898374616026381,-0.959123349520761,0.104484199239462,-0.910078067553133,-0.180520718353517,-1.03610965866466,-0.227592345875079
"CNAG_00397",-0.114567630267183,1.05926098874043,-0.348703873147763,-0.067681194218804,-0.492234111164836,0.0791271833359017,0.280454541408111,-0.240338935933026,0.11300154302909,0.964668073683695,-0.787619217610889,-0.0627180070983799,0.0607976924156999,0.941571335196342,-0.710243795152342,-0.674774593216053
"CNAG_01787",0.446999295529864,0.309395985094344,0.282231513861941,0.403114163491818,-0.282214969414413,-0.481841021828773,-0.412274675568634,-0.345480553254216,0.681688392647605,0.536545429208712,0.594170280321221,0.947796913387922,-0.512945613974303,-0.856510749468438,-0.710037035264794,-0.600637354769846
"CNAG_06657",0.0198738327723014,0.758960916884822,-0.10622726606123,-0.125615516985508,-0.375175636516755,0.0487003829380672,0.431609861576955,-0.213011899571598,-0.138189223377674,1.1951165438655,-0.801770976699728,-0.231666424259948,0.0683267762510829,0.901962480561965,-0.692248403062195,-0.740645448316054
"CNAG_06794",0.112975073720252,0.575850151488211,0.0730583380484617,-0.30269048078577,-0.0870930209724161,-0.0642927141068093,0.11176625047999,-0.174097962308739,0.0575539002168739,0.824103196735367,-0.807893452696526,-0.339882565268828,0.0123358760248689,1.38468340311074,-0.960741630177969,-0.415634363507695
"CNAG_03017",-0.260528307575814,0.967268949211642,-0.160530689056088,-0.275860333017354,-0.280028858626478,-0.406008250113951,-0.294017778010394,-0.407660418245545,-0.111293569158022,0.950255795279302,-0.262477127915732,-0.376686806780388,-0.0102129260014063,1.43274167445346,-0.120922165686311,-0.384039188756935
"CNAG_06276",0.215321594106001,0.709091092118801,-0.00439175154771121,-0.114035155865726,0.0491264479860103,0.193250253017888,0.423959718119157,0.0328890248808751,0.116376903845456,0.511965121918712,-1.33842219072737,0.00740019115311163,0.155996651542967,0.737616779298737,-1.04432314773619,-0.651821532110706
"CNAG_05258",0.577711675087082,1.50725646542369,-0.3579313401822,-0.0200538501266578,0.758003072018292,0.307644099083852,-0.389480264951446,-0.568710140830458,0.173502787056056,-0.145447787463427,-0.210048438151833,-0.64135839274522,-0.10614614847628,0.104783552336005,-0.381677364336566,-0.608047923740897
"CNAG_01600",0.0108561286887561,-0.3034035327415,-0.278865521345933,0.0538145317247913,-0.394306858067273,0.0671971656624475,-0.0891437879649075,0.206979492766852,0.679680221654687,0.628475417134791,0.958028141535397,0.972788424681371,-0.277852428770732,-0.946308097145193,-0.575783697247141,-0.712155600566412
"CNAG_00463",-0.117471789661629,1.13539268625553,-0.374957007804726,-0.257017538646834,-0.231261212507544,-0.18342584401612,-0.218926729149375,-0.288327682714235,0.0447079743538685,1.12908004437983,-0.54989406382901,-0.202241034504189,-0.0530832829621239,1.02502656008732,-0.543236664836525,-0.314364414444251
"CNAG_00539",0.565160042441297,0.128536221097097,0.420979263018253,0.639866001358769,0.251870342200048,0.570170185913863,0.591475122859585,0.690390788034254,-0.468844459778875,-0.0100130365572344,-0.367207220543477,-0.0313750714273748,-0.676809056073536,-0.858295062771678,-0.819329153820013,-0.626574905950977
"CNAG_00424",0.278354410784164,0.184129494673813,0.187911643555339,-0.618296746207577,0.4905131076838,0.174908543883008,0.692449035543074,0.0995652831171885,0.443797534699476,0.166175380203914,-1.09039111363175,0.0460378110066273,0.256018162213001,0.301622849508963,-1.32478721616081,-0.288008180872241
"CNAG_00146",0.155815860493053,0.754662562044267,-0.0362200447366501,-0.340016796013753,-0.563726328932358,-0.205692424372844,0.379322390917581,-0.277050285824199,0.288342282905505,0.938119999016745,-0.717080517932722,0.0291298592413742,0.21289503185556,0.863629417482517,-0.695004601956166,-0.787126404187901
"CNAG_01193",0.0340844158693487,0.939378536772592,-0.0462973119624071,-0.364668646349946,-0.27437207088333,-0.300938593991263,-0.137955702115001,-0.261602830120407,-0.0270145731464595,1.09987484604657,-0.367392054900917,-0.198826679910164,0.0339397447537575,1.11080121334088,-0.658071839990717,-0.580938453412541
"CNAG_05974",-0.202472391219423,1.08672666320178,-0.213191072834322,-0.0311643906326902,-0.326178776701863,0.0405135289794067,-0.122088842792176,-0.25939799871962,-0.0608374343009483,1.20790158080564,-0.555289089877888,-0.338592447586573,0.0821075653345185,0.816844064937286,-0.586402926097076,-0.538478032496048
"CNAG_00588",-0.101184625797762,-0.275171278396188,-0.469492271119022,-0.440649367001608,-0.47840774630019,-0.380389191929892,-0.654055736564691,-0.774374892051756,0.842134165728954,0.286901481966193,0.38676159963765,-0.0924239684029216,1.14236667549787,0.288453524194715,0.620555397748339,0.098976232790319
"CNAG_05605",-0.0936108260396189,0.773001744067974,-0.0663765980652116,-0.455223628823884,-0.253647653966752,-0.339367206294606,0.203869021206222,-0.316161958848442,0.141242635439356,0.921933690442366,-0.621089531895695,-0.214734426369475,0.0193017616789604,1.28076825199966,-0.56191411702231,-0.417991157508546
"CNAG_07739",0.3813945051759,0.448152910614317,0.0986123589114634,-0.727352512228448,0.250906588586082,-0.0155032600843743,0.414262661687827,0.0291466161657041,0.560043525021092,0.427323333569902,-0.837825470353962,-0.0886152737651678,0.155933052714925,0.570289840987687,-1.31213659435915,-0.354632282643784
"CNAG_01607",-0.227258618877499,-0.214098386887978,-0.262868594277148,-0.205342999717078,-0.404397179112088,-0.404121795140957,-0.411405315694406,-0.265065994328833,0.868887135581426,0.608341049283507,1.05220678150051,0.907313273761114,-0.0711723534638988,-0.513216845562304,0.0231030104540535,-0.480903167518416
"CNAG_03172",0.474877175108432,0.315292272667787,0.44640506803971,0.155735438135678,0.572377580617468,0.477371989165369,0.586110995689949,0.597775429045607,-0.501693684858068,-0.109381087462625,-0.910282658554647,-0.303426599758572,-0.763557478324019,0.0587380984836416,-0.822098814688967,-0.274243723306741
"CNAG_04284",-0.0141678775898013,1.08858530494696,-0.111259080440736,-0.302756712670848,0.021281969919281,0.0434801309723349,0.341017495458004,-0.173580149010811,0.00700236207703941,0.895335408910323,-0.695589188835606,-0.264914322480155,-0.177617772268737,0.728947172606925,-0.75623990099979,-0.629524840594391
"CNAG_04962",0.0241256640222236,0.648192267930628,-0.0745620589882483,-0.27611984257047,-0.0501347193211705,0.020409389112797,0.38510952657579,-0.0213521635309322,0.037172191084192,0.815854485031951,-1.10411376249532,-0.108409847831513,0.131164953690479,0.902976946291393,-0.818457708847856,-0.51185532015394
"CNAG_01558",0.358243070987163,-0.138669353730942,0.158552255484313,-0.602155369625764,-0.852899682489451,-0.503073526958566,-0.120542280618796,-0.358308062594487,0.376978429163744,-0.542596792117543,0.697992755085606,-0.290070565590902,0.664731419990497,-0.195337440400303,1.03440851704269,0.312746626372745
"CNAG_05466",-0.396250980550486,1.25267049562127,-0.460530293808207,-0.358096055566245,-0.243514222481209,-0.252250641606681,-0.127430037687261,-0.114272742781522,0.140790182349964,0.968765521874418,-0.34350921436728,-0.123541737777206,0.0137857837170925,0.801271106877589,-0.503947893151398,-0.253939270662838
"CNAG_04381",0.0658355181185906,0.743094389877981,-0.298272684186549,-0.33723746027141,-0.240103973351443,-0.205881130399381,0.244717383336623,-0.319274240434027,0.0367486661253498,1.09709264542675,-0.719646886462132,0.0224159028877677,0.0781690514114297,0.927080569036326,-0.624799250110845,-0.469938501005025
"CNAG_02010",-0.226331649152872,1.13865931251092,-0.298744824669326,-0.306824985963728,-0.503782691953545,-0.416443633210784,-0.038167776039006,-0.423951316445889,-0.151732808278918,1.00775825263658,-0.207539813625832,-0.0725947409023409,0.18400134983781,0.873981782630771,-0.138644504248957,-0.419641953124872
"CNAG_04217",0.234947223861163,0.144535384783781,0.498905539746703,0.30874839549986,0.485609901168495,0.33432295287745,0.410942820265593,0.538763425015166,-0.627588345306604,0.0657820369920845,-0.869981087317154,0.0152841955969247,-0.976604806797356,0.318318412086212,-0.855715121940268,-0.026270926532062
"CNAG_00540",-0.183271413473507,1.32463401266193,-0.224453798966381,-0.330069658061743,-0.32935188112812,-0.199865322626426,-0.228986542038554,-0.296155792536106,-0.100231847148753,1.00475134315251,-0.17541835912215,-0.404813052629034,0.0546551163539553,0.705542494226565,-0.227658840692562,-0.389306457971624
"CNAG_02490",0.152219534119084,0.656325363344214,0.0638797627089023,-0.217166615353086,-0.107572475590285,-0.199803045536715,0.531505979632083,-0.262866718517585,0.129136772953169,0.870895465025084,-0.926467094683482,-0.214945011654907,0.253089763424153,0.654524972396649,-0.850202235166977,-0.532554417100296
"CNAG_03835",0.19075962269711,0.925683851101615,0.167676370686204,-0.0236152138235024,0.045610442822154,0.113082504287124,0.511754594013757,0.0124315635213303,0.0231458974741887,0.479016723474039,-1.19300885362445,-0.174543456823296,0.138920938254326,0.237336927316996,-0.907959066577055,-0.546292844800545
"CNAG_01119",-0.437309059209888,-0.562906559336311,0.343596459863249,0.118751018109462,-0.844496126399454,-0.58530215222777,-0.411651539453031,-0.259406726684107,0.0516655028471718,0.146593984234242,1.11601102590786,0.357344672867793,-0.08868085753417,-0.0639669744129439,0.791300994870758,0.328456336557124
"CNAG_01601",-0.0501128861746931,-0.245968676718487,-0.242265133408155,-0.256749250142434,-0.43164515540459,-0.242117758359438,-0.125092453457057,-0.261634920132717,0.749704320055557,0.874642659518933,0.993666956806351,0.761466919081556,-0.198308977609548,-0.458861623841646,-0.369269307123597,-0.497454713090045
"CNAG_06731",0.252341343962902,0.978650189345044,0.0602657019641581,-0.313834399519456,-0.205979066487615,-0.206006261241281,0.318656870201912,-0.195344400555853,0.063604831784084,0.699598358875765,-0.648295084587105,-0.50700878435971,-0.13161630172585,0.935602802966214,-0.598567478230525,-0.502068322392683
"CNAG_00131",0.303453752887965,0.611745471351412,0.13974760314742,-0.637319783415013,0.580477805196216,-0.129670660400954,0.659427187977171,-0.0457350574024735,0.70157775650902,-0.00898053649760389,-0.664152597056137,-0.0615348937345637,0.130055765763524,0.00558900811465168,-1.03591330393207,-0.548767518508555
"CNAG_05233",0.621806765947184,-0.130027064887434,0.148490598591623,-0.554552662083059,-0.137909604453009,0.0295629355761733,0.508963768772261,0.15267133497202,0.596541749633813,0.558602790844878,-0.948930406420542,0.018903370691902,0.24605917101378,0.32254181400554,-1.04196304943319,-0.390761512771949
"CNAG_01373",-0.300786281174691,0.949587387664037,-0.0937237634016626,-0.109942984286299,-0.355378095047445,-0.0956609500060654,0.00683848209956217,-0.123936640566853,-0.236313952764528,0.983788433125675,-0.281202011766499,-0.297644811720547,-0.191395672263777,1.07958589026502,-0.435492198630176,-0.498322831525762
"CNAG_05867",0.36624264080729,0.460155321143144,0.65378216173152,0.675637780371636,0.314266682212747,0.454431638195844,0.303981018026843,0.421779928524115,-0.680026801578435,-0.416463544201939,-0.7192461005656,-0.854701021032142,-0.205300106364662,-0.136228259163904,-0.239026302293059,-0.399285035813396
"CNAG_05518",0.224941065016839,0.236398487974682,-0.0254586654130442,-0.529005946925443,0.386546637299263,0.0286709324352561,0.424808495476547,0.0964410681875307,0.449488063250509,0.475995681927477,-1.02070567489814,0.211733093931203,0.187200187259208,0.339696903252788,-1.21752525823175,-0.269225070542925
"CNAG_03666",0.363509440215896,0.153067773303706,0.283957632401794,-0.0675245628277725,0.684967332024295,0.509461318686877,0.49238254261051,0.446727894243643,-0.67294119418312,-0.284779627024487,-0.758054180026983,-0.426491417273307,-0.506427851965129,0.470021627988999,-0.859082615205784,0.171205887030855
"CNAG_04104",-0.291193434558858,-0.227049842608161,-0.622863743039419,-0.566322952176241,-0.159141222951443,-0.305104730742656,-0.515276688695362,-0.545304549372142,0.503031500684097,0.226144775280337,-0.0480690671550121,-0.0685605951299681,1.16455218394022,0.478723653433518,0.637413147088874,0.339021566002209
"CNAG_03461",0.592336034106101,0.497582868076618,0.71432337049049,0.537340479105859,0.242458191678113,0.341937256467331,0.328660832552515,0.481133407884826,-0.432878274156999,-0.202470412783548,-0.352015378339301,-0.300335098582353,-0.695349137707541,-0.547236017463857,-0.776048492336862,-0.429439628991395
"CNAG_02170",-0.00445364025383732,1.13949386010893,-0.268135809632692,-0.267663742583879,-0.194583926215611,-0.128123696095986,-0.175823338459127,-0.202497674675285,-0.00756178963616083,1.05544937490813,-0.474037676412429,-0.182084196021822,-0.0351082180021747,0.697454555267359,-0.589972023294707,-0.362352059000718
"CNAG_06190",-0.313270937862821,-0.435723874040773,-0.305160151909523,-0.693521400133488,-0.198861142389638,-0.348062623454823,-0.550885125758356,-0.58267036407189,0.182708954326673,0.199288949076617,0.464266262922246,-0.12036635659465,0.549644501853091,0.64052745775108,0.90255834354102,0.609527506745234
"CNAG_06272",-0.0448736702302579,0.606489859421092,-0.145460375813926,-0.367587605255695,-0.193034892554012,-0.0928105373965362,0.24252683108983,-0.103133101811066,0.193583961491784,0.836110114491788,-0.678975936680198,-0.0153103616372139,0.0706786107087947,1.03838324585877,-0.794852379865526,-0.551733761817641
"CNAG_04708",-0.119411999206989,0.92727992263711,-0.0698127434415543,-0.322222631949352,-0.119610051220434,0.00811320325252485,0.026427360879814,-0.216650889308564,-0.110957328122003,0.940356583763773,-0.546481884989619,-0.286543215214596,-0.2628969647562,1.0048632008667,-0.514250024946808,-0.33820253824381
"CNAG_07409",-0.758208476544993,-0.941413675711154,-0.868721794301949,-0.730949004907716,0.350471532171211,0.372572768152082,0.355683098485816,0.414394217356891,0.17600437422549,0.127650398549708,0.26143172757309,0.306571149515309,0.117909548315417,0.198869308649767,0.238769236801788,0.378965591669239
"CNAG_06487",0.209387233924257,0.048724144554873,0.160124010400796,0.0763120596838416,0.307254065271071,0.154294296332417,0.11788848271968,0.295392566035172,0.400710681216031,0.0677340995835749,-1.00646718252017,0.374207474861846,0.161007144561291,-0.128249984170733,-1.43799448285633,0.199675390402374
"CNAG_05759",0.18414731071675,0.107770644861088,0.204420140896094,0.349461852927027,0.203341146979042,0.261399292627232,0.149229854787951,0.289440475961481,-0.817181284904343,-0.830414137112452,-0.842034639380186,-0.779539407588985,0.18313736278008,0.521673425761129,0.307010750346798,0.508137210341292
"CNAG_00133",0.357706288245008,0.682669876944889,0.0211603797705244,-0.149358475026392,0.0941853164184678,0.0246411760705119,0.399510656490667,-0.0703474235521035,0.359518960907486,0.478374343636969,-0.938780906583098,0.0122137789737158,-0.106564420169242,0.51018607600548,-0.954822307659496,-0.72029332047339
"CNAG_01811",-0.157597527831831,0.789843814856374,-0.160480496808228,-0.460173332437419,-0.42249566580923,-0.326569887738794,0.267110579441393,-0.368365719137678,0.0632619092314144,0.863219266743968,-0.253421546519757,-0.347157356076792,0.221411876572024,1.03868991717772,-0.36080843404631,-0.386467397616858
"CNAG_01562",-0.245764030280202,0.325326074432917,-0.654729518441245,-0.711864838208124,0.0415798882830947,0.107664350142073,-0.631121925107031,-0.696431277536479,0.505084888336967,0.602571708796203,0.728263331839232,0.217681111349076,0.45967003610151,0.0775741846961084,0.322966039624364,-0.448470024028468
"CNAG_02207",-0.000256261474376629,0.805739161889258,-0.281452208672714,-0.191822229448174,-0.548229576777622,-0.338404650644234,0.179655663670571,-0.224089893158572,0.275644043487329,1.09633942990037,-0.477970551126791,-0.158286694721907,0.15896007069388,0.647500952804567,-0.531617265196173,-0.411709991225417
"CNAG_00407",0.448861226925922,0.855056916820159,0.0411414716249716,0.148188301853432,0.718378456671481,0.643692777690873,-0.129687959127503,-0.236151345561506,-0.204214303862846,0.0600219515970952,-0.628987391597951,-0.310938093140253,-0.139873855531496,0.224286642384365,-0.746075812834787,-0.743698983911949
"CNAG_06140",0.319550720198666,0.373199156400689,0.10404105392224,0.402582480999135,0.44719620387076,0.36694298465204,0.255679768457153,0.362970467918272,-0.612673002690364,-0.829006062672564,-0.987244327108348,-0.741944841391614,0.341423682715449,0.0769780230333357,0.0166932758531733,0.103610415841972
"CNAG_06096",0.286284720825364,0.211745815672366,0.145001930881071,0.489811166533606,0.349031351091675,0.343373954269014,0.29668052252568,0.447544186370006,-0.717192189416428,-0.94092808307945,-0.837252346793981,-0.689909796673106,0.270380395063469,-0.052749212158135,0.239784184941113,0.158393399947727
"CNAG_01456",-0.729937238342024,-0.744888065705829,-0.755521708400909,-0.821027567415862,0.137780962886229,0.206429378305578,0.167133542633119,0.417730710247944,0.365407061235139,0.556508833209291,0.255893150969459,0.654786669537456,0.174432800924774,-0.0875391353113706,-0.0231328818380057,0.225943487065018
"CNAG_03845",-0.0811314078472609,0.575238275499792,-0.0533454168262733,-0.318152284296895,-0.479302588504453,-0.296117306003502,0.0191391518462289,-0.274860357554626,0.0598926684669383,0.833488894312094,-0.451887513677503,-0.0900078075110216,-0.0151440027073484,1.25623255575022,-0.384181441457073,-0.299861419489307
"CNAG_03994",0.00172024349486222,0.324442265558401,0.234636033587014,0.247668484176531,-0.619958416438426,0.0524136342120105,-0.0746487330962449,0.130295350442443,0.0978391371929739,0.689446965039274,-0.92994441825421,0.0571224085668138,0.138315274448312,0.627333146858996,-1.05836026646453,0.0816788906757893
"CNAG_02288",0.166520932123321,-0.268522086866223,0.358412995543857,-0.0559478755947103,0.436219398668135,0.285519273180298,0.433620611997388,0.363075967655458,-0.747363481580724,0.0874516702444978,-0.583839614290373,-0.148376866367615,-0.779922205786287,0.648619222805519,-0.688110491862542,0.492642550129998
"CNAG_04866",0.253096965613518,0.709180670946951,-0.281785354732426,-0.283115774293107,0.141753826293073,-0.10191109645594,0.389076359157608,0.0992333458097638,0.470683175942117,0.556324378783247,-0.744155557383736,-0.0250177043631394,0.108149368256796,0.33207181103802,-0.896149959566176,-0.727434455046564
"CNAG_07959",0.374999625328694,-0.0462433089575285,0.484868901485205,-0.409848376144012,0.139871490457097,0.0157424396885997,0.341955159874184,0.0367525965300288,0.328399852115158,0.348274651670517,-0.710721659936004,0.182787403342338,0.284053859075168,0.0874562956692166,-1.36289522291726,-0.0954537072814148
"CNAG_00072",-0.0791914102091535,0.985319329323712,-0.375158720401942,-0.265588495132296,-0.0022471197632461,-0.259987287847736,-0.191911270943829,-0.139577582930161,0.145944955099822,0.874736306335166,-0.464853408182583,-0.0287839520543862,-0.0110360778858185,0.769863212976055,-0.452109228533516,-0.505419249850084
"CNAG_03463",0.0559560147504881,0.914759526932272,-0.154474922027151,-0.299757317091018,0.105234187271929,0.0237019459301742,-0.224344983508831,-0.00454885431355301,0.0207010767008198,0.691219966885404,-0.596499581833579,-0.335098558165277,-0.181299123690413,0.946457350359625,-0.564607223884115,-0.397399504316771
"CNAG_02566",-0.0100581589097652,1.19925642040768,-0.276482602162759,-0.234141724116999,0.141333978805577,-0.0707758903323699,-0.0843986791838418,-0.264077930333515,-0.0826099095572692,0.678948415945239,-0.492174712866116,-0.201257098887779,0.0228958711453178,0.651595849540432,-0.626846096721942,-0.351207732771889
"CNAG_07594",-0.305881968813206,-0.172309979934345,-0.127117438454593,-0.245369675918583,-0.433137529876524,-0.537663585712664,-0.276093351366414,-0.344008488081609,0.572156489813842,0.723417129895641,0.901717716499426,0.821157006154569,-0.195664590094199,-0.235002108277234,0.00716516691479896,-0.1533647927489
"CNAG_06388",0.360489300163353,-0.343714186189384,0.463292910173136,-0.46318925621047,-0.878482948187887,-0.600491214569209,-0.0728267279941086,-0.212348463400557,0.369711473351737,-0.00612720106620479,0.454219776362121,0.139056949903431,0.259907832119991,-0.440420028507962,0.910577723400618,0.0603440606513974
"CNAG_01085",-0.140816263952228,0.7889891853187,-0.236366980964103,-0.325410701694563,-0.11152959410647,-0.168972201651705,-0.239849461056145,-0.111263991878425,0.0553783481934378,0.805395177759528,-0.459545117321575,-0.0973743473173316,-0.301164972365767,1.10480236155335,-0.426369657064477,-0.135901783452233
"CNAG_02087",-0.317332596489315,-0.580420474950762,0.323095257156683,0.0419640358646323,-0.532378349099981,-0.451483717592589,0.0575053224243165,0.162728133047718,-0.21017666552817,-0.398221385026718,0.181304862129086,0.0212477846055883,-0.20250572384252,-0.0588120865946058,0.871162113314156,1.09232349058248
"CNAG_00697",0.322859278287238,0.588017526402162,0.019291362432889,-0.210124325330181,0.473484514868074,0.035124068986037,0.703571736580094,0.00818874570411499,0.432802821427959,0.20818860194398,-0.658281191291106,-0.431594313975621,-0.103380743883839,0.134457263934879,-0.874341629847647,-0.648263716239031
"CNAG_06163",0.340368675755702,0.384152924727944,0.530995519608444,0.456234002749174,0.291448906239863,0.329108676315891,0.43989863726007,0.421167070531806,-0.617519511280095,-0.574535791849597,-0.862302115447052,-0.607193556592883,-0.0829511803257414,-0.0211994863042877,-0.323107983855308,-0.104564787533937
"CNAG_01026",-0.0515703591695065,0.890774041135712,-0.0959542185652777,-0.324215128514464,-0.272019778876627,-0.270226481003151,-0.0171906164446636,-0.327261422930699,-0.187526880806985,0.984291640204715,-0.259351852586095,-0.17183877615487,-0.0920392537391512,0.867895442769487,-0.272989999761537,-0.400776355556887
"CNAG_02822",0.523001311054447,0.393735863876593,0.475056370219884,0.417549656908264,0.444442286278576,0.224966197942914,0.425008791041142,0.327724813563036,-0.206409811930786,-0.00132401406494687,-0.415624043779688,-0.122296627443548,-0.602049691410413,-0.39352578331127,-0.878233909299485,-0.612021409644704
"CNAG_06098",-0.197919430824955,-0.346096622122236,-0.519946178291646,-0.683982641934886,-0.0647450942641816,-0.407920105887737,-0.459086702863174,-0.542022862120217,0.243389777624947,0.22979556722983,0.148144337966488,0.136855398174399,0.628674988996615,0.699540348960176,0.549775773074348,0.585543446282226
"CNAG_01539",-0.263504757048448,0.179591669373849,-0.302930225973359,-0.36341370857939,-0.0735650043115843,0.11150107763971,-0.185982646206584,-0.408628692542136,0.796542080833758,0.569704606647033,0.703128227638928,0.746401010586489,-0.166397730335238,-0.390771176347948,-0.359604294927115,-0.592070436447958
"CNAG_07851",0.230921583310652,0.16120174991338,0.326729901297334,0.238676198150078,0.576640268001588,0.416919080902005,0.400228473985056,0.453614163943445,-0.468490388219257,0.00856911528757998,-0.676223892565371,0.0212374043881649,-0.709051943845312,0.121499859810832,-0.932764851980977,-0.169706722379187
"CNAG_06956",-0.0934101785585559,-0.200743558982571,-0.33571674739985,-0.256617407576189,0.245214832876345,-0.230689853920296,0.738938782885763,0.619249928964018,-0.31959634573176,-0.402379752115247,-0.38672124501255,0.779393076350796,-0.156917657185319,-0.3309860717099,-0.431707927336524,0.762690124451848
"CNAG_00500",0.182100880957453,0.0136415176548219,0.353395788800796,-0.391437266790183,0.0430275195183079,0.108987143693225,0.0385339320512266,0.155736576013425,0.393203217246723,0.14526673059291,-0.635470807773421,0.0676074848124788,0.155056667960284,0.408173349731758,-1.38944092886266,0.351618194392863
"CNAG_07015",0.78987301211144,0.5285040078279,0.708150431558239,0.860404695258974,-0.529525277861348,-0.346945146062525,-0.378703426033893,-0.219506044687169,-0.190947761468098,-0.259070325920369,-0.126523156888547,-0.206322721286938,-0.0247689254166152,-0.30000761471761,0.0339605925070465,-0.338572338920481
"CNAG_03713",0.316226565164332,0.568134652294539,-0.243633413931338,-0.727033016810815,0.6677475679076,-0.127585003156282,0.5949223893042,0.0416999969377621,0.579413227060604,0.0264853944253964,-0.385340225034426,-0.0303772966203528,0.0367201428936923,-0.141798262439197,-0.759027391763823,-0.416555326231897
"CNAG_03402",-0.00566419651008587,0.727734595946224,-0.0564780180687787,-0.375599214303871,-0.229131987896762,-0.167153459190283,0.307543459669834,-0.297573783382234,0.14587800727873,0.714043987411966,-0.478796897859891,-0.154116659376159,-0.0493527518011732,0.922641078400451,-0.514130341453228,-0.489843818864743
"CNAG_07791",0.276837882429644,-0.270947936621492,0.828299475468124,-0.161108980310724,0.560578282615383,0.304155405652287,0.682546797237118,0.00571310577192907,-0.715756916817546,-0.358313137175332,0.20761475702832,-0.408272437397858,-0.470163421538574,-0.177201714679893,-0.455167831612594,0.151186669951213
"CNAG_02355",-0.261139861906308,0.813641468550261,0.0347136039988181,-0.0955806382958118,-0.200110825538887,-0.331470234671297,-0.0425702714890992,-0.199419190496419,-0.185539747777784,0.839939177860156,-0.517090909930892,-0.0722019032104999,-0.0522040043150991,0.920641209195143,-0.44671142993536,-0.204896442036922
"CNAG_01572",-0.346428056819539,-0.131856850339607,-0.173440583360201,-0.166951079538512,0.00162461780134393,-0.058131040552885,-0.345763395201467,-0.138603581285287,0.753343303760584,0.676289478644793,0.695163107475062,0.760283823632932,-0.324116545960416,-0.374260671482697,-0.474028776879474,-0.353123749894635
"CNAG_07558",0.468770725734467,0.169405140497158,-0.190710775303913,-0.159914080440439,-0.338578431708429,-0.229404196497891,-0.646190341270948,-0.697092446462273,0.249261136173827,-0.365469374730457,0.295362948565211,-0.191545628309964,0.630210239673104,-0.0944686538381134,0.938689603957608,0.161674133961062
"CNAG_00900",0.193433287867187,0.710999929444717,-0.204379448080974,-0.403263329020635,-0.172452950312183,-0.303103152094235,0.268925002561994,-0.328698420050646,-0.117774205057497,0.651193958609675,-0.32631102666932,-0.00488981811324418,-0.235890549920951,1.02738330862452,-0.354153091011668,-0.401019496776745
"CNAG_04537",0.304993141063841,0.576698452950223,-0.1923758510216,-0.631040863109676,0.535241715115124,-0.24160354768977,0.669123099998735,-0.115991374720149,0.65203392068894,0.100630651976827,-0.496312589675749,-0.0417636665083752,0.141092568725002,-0.242528486732242,-0.599390898161938,-0.418806272899193
"CNAG_06658",0.0668312365767951,0.707910302777873,-0.26450136076455,0.128327849107611,-0.401151038282821,0.0972822174043575,-0.0618206972063486,-0.152915559182286,0.0708838191963777,0.937744026949777,-0.606836955411939,0.054106054213916,0.000424280956444534,0.527255092599348,-0.556534638654903,-0.547004630279653
"CNAG_06939",0.0296573180195909,1.52560164883841,0.307275283467314,-0.0867753883937921,-0.148550073445187,0.046285839856123,0.106367772993356,0.00613678904293113,-0.171525081807159,-0.221807628506159,-0.327274404178567,-0.157751964134749,-0.361683775512411,-0.151250716623336,-0.269038774920029,-0.125666844696337
"CNAG_07626",0.298244465330677,0.388951618496053,0.228169528394048,0.470411809969869,0.475779358157117,0.54605324188843,0.378183494367651,0.502435903241064,-0.46901859407833,-0.345687732114136,-0.294662246741247,-0.27129646713621,-0.580080174059985,-0.484329174188396,-0.558444188014899,-0.284710843511716
"CNAG_04857",0.387374974207351,0.624141208808831,-0.512209435669629,-0.366725636574653,0.874951857664668,0.739487152604772,-0.0936861451444031,-0.159425642551135,-0.0454371109317568,-0.192100361369936,-0.38451736232732,-0.418927811239906,-0.00226456901416938,0.165903830734507,-0.382955040327522,-0.233609908869703
"CNAG_05721",0.335921116938362,0.405805222465945,0.0187061072963166,-0.103693195181094,0.673035182925798,0.332326597253006,0.554539596760966,0.377642985482076,-0.0222303841255664,0.177490844047817,-0.588981066803722,-0.0689623994505606,-0.463520775753926,-0.419199271914726,-0.743833444769026,-0.465047115171661
"CNAG_07950",0.206705705082133,-0.130202998354831,-0.132720872836257,-0.27766065038583,-0.397079518674221,-0.269787217221401,0.112362331926163,0.288462194643211,-0.342770948711711,-0.367346605568945,-0.234669131403785,-0.221732863278906,0.4184452842596,1.32156751278132,0.22101503514496,-0.194587257401503
"CNAG_05189",-0.119649572685456,0.925602755346281,-0.0105083946655302,-0.041299832803662,-0.260024479170049,0.121069752636386,-0.0657812025879805,-0.137390414880126,-0.0715000697980761,0.752351483481692,-0.398100970013918,-0.410480537219224,-0.260328704263518,0.756834992695706,-0.48519991086618,-0.295594895206341
"CNAG_05662",0.164137428761078,-0.11045880484235,0.531397782001997,0.179559278468293,-0.0310719279828113,0.0582685240833936,0.0511464627151774,-0.028977986321074,-0.767430227876991,-0.68792236463929,-0.05039378322342,-0.752202080381107,-0.109174539435095,0.518334842145617,0.402618380637103,0.632169015889485
"CNAG_04763",-0.0810818478400392,0.559550716876976,-0.276563086855484,-0.368880438070225,0.0160231561042279,0.0123050019607556,0.191457290329664,-0.0792405549185871,0.0851877614806513,0.71215944390879,-0.654125344043291,0.0902515328007008,0.0795351478315514,0.822092600716813,-0.573044192840332,-0.535627187442173
"CNAG_02099",0.20330698816595,-0.15740107964951,0.233092148805419,0.247669799230302,0.0225888950201565,0.131061551548489,0.0416112489736324,0.15907382512294,-0.672421109748264,-0.837304928370656,-0.412094281984944,-0.645594077787782,0.133244209680722,0.402623913429307,0.500056309984265,0.650486587579962
"CNAG_02818",-0.0897993503381223,0.778901127428376,-0.28162879042738,-0.187996354863894,0.183146510176152,-0.172853164245481,0.170068997939951,-0.197433006006594,0.254041468936613,0.831483091065606,-0.519209221700231,-0.284570195845459,0.0271428380630567,0.537881659455127,-0.584195483768564,-0.464980125869162
"CNAG_03346",-0.153772266561546,-0.160252344614069,-0.381159627294133,-0.437759322609514,-0.428783816285998,-0.410603860076952,-0.576087027900085,-0.570842395245071,0.482101088490875,0.282692157914889,0.400395113191999,0.154883114721043,0.653384809466248,0.347055572481988,0.544115772146867,0.25463303217346
"CNAG_06297",0.287535213594344,-0.418475302504058,0.374073403240487,-0.487458390186678,-0.788247112129763,-0.56185260754507,0.035917128481044,-0.225084252386679,0.33712085999897,-0.0552871790702127,0.592910730328606,0.158206374013846,0.335966698987987,-0.377345981802916,0.633487261598406,0.158533155381674
"CNAG_07363",0.25878597570278,0.0988814322526217,0.225509688759184,0.290257841794816,0.506514204942484,0.46517421001554,0.413404540183995,0.47173860284285,-0.427133973852083,-0.0621387139885439,-0.725017972264341,0.0654072037108371,-0.596123366902702,-0.0638378813199818,-0.775449012624927,-0.145972779252522
"CNAG_06625",0.274760582133336,0.00399699013046728,-0.0374107559541432,-0.0957817847257143,0.193096955029576,0.0296210348221333,0.169571565664942,0.259972358127619,0.464691973066765,0.0878608918121486,-0.899039625200876,0.290252925543717,0.210586239439449,0.148096874538364,-1.16630193699996,0.0660257125721788
"CNAG_06659",-0.246638054497678,-0.402562390267857,-0.499631833241847,-0.443325390369373,-0.391990439090758,-0.262308263736921,-0.43150643397993,-0.303566321656324,0.437976238949988,0.237487187243556,0.191178979844353,0.321596129851144,0.857813952982908,0.179820002650288,0.649240931027592,0.106415704290862
"CNAG_03637",0.436891874899229,0.375906577139008,0.297706277933185,-0.163447601748867,0.35891026053124,0.236000336642321,0.516098290220701,0.254762751801793,-0.29573394082767,0.0605552349653742,-0.813868081974247,-0.00281124282629186,-0.47309789680692,0.278948664129851,-0.817990259267121,-0.248831244811582
"CNAG_03517",0.181106465318072,0.135426026958633,0.462198017820837,0.210236089431138,0.510355635091935,0.242125740188373,0.426929296909018,0.363044467239835,-0.569327439522419,-0.14521978910117,-0.428443620302089,-0.101442520805054,-0.725837459104669,0.218914906203743,-0.831032482533076,0.0509666662068939
"CNAG_03392",-0.0468351699172711,0.677260900828215,-0.119471816022883,-0.318565335260947,-0.200628853332051,0.0169512085349997,0.323897335324004,-0.0871542158256133,0.12209333742488,0.76307348136885,-0.56757799585685,0.00304148798355364,-0.0312515618875411,0.629007952666407,-0.659761524644821,-0.504079231382931
"CNAG_04640",0.237680675126539,0.166907888307476,0.0384036005955544,0.27959280547546,0.400088008425918,0.291093055816335,0.267577363210266,0.381254435607159,-0.640343878533873,-0.729732528360763,-0.820611126983959,-0.521293345900604,0.229828839969061,0.014801622423958,0.0621649655533254,0.34258761926815
"CNAG_06816",-0.709213654873513,-0.754543609384616,-0.7187328617283,-0.57362865595541,0.300099185291351,0.245644300526937,0.269990012258068,0.290669037493444,0.195987709016086,0.27796177602135,0.347971462064534,0.316843710566348,0.175956812046493,-0.0554281269530836,0.195112352066496,0.195310551543812
"CNAG_00302",0.446659436895764,0.28998037961024,0.370504182894802,0.360980125197712,0.527647306583773,0.362332309634048,0.547885994340833,0.282252635675218,-0.347064838841967,-0.359755072091635,-0.237154890417732,-0.4101175431132,-0.393172439201978,-0.431706133674944,-0.483097239177053,-0.526174214313885
"CNAG_05599",0.289789532419737,0.0928700423014215,0.414067906792391,0.0845586363992856,0.441754714637134,0.336477091786661,0.412999978925675,0.292095610196065,-0.507627539425223,-0.0951277631375227,-0.744891730700882,-0.12708876342418,-0.474853074563953,0.254158495799417,-0.820770674894952,0.151587536888928
"CNAG_07440",0.430151222591602,-0.664990539911341,-0.0359342478343452,0.176851461223493,-0.451455936248665,0.395209318218126,0.218547080516358,0.420966435070978,-0.459471768351483,0.151515969152944,0.270768363966702,0.414874429333531,0.432608646868343,-0.622020751683785,-0.0871572981586288,-0.590462384753829
"CNAG_04231",0.043529198421143,0.719079698833255,0.134157373981678,-0.0810038980861236,-0.256523482294022,-0.100203716124333,0.0727292615965212,-0.172915659319479,0.210834253298331,0.571116477514373,-0.527114371797092,-0.0806713672581871,-0.139705349155631,0.782563901516336,-0.687450916087799,-0.488421405038967
"CNAG_02100",0.175330234390641,-0.0701442225724342,0.251247510722248,0.264853237684811,0.0378149736588167,0.114393439442731,0.0424900362189913,0.128905572069364,-0.663120361094169,-0.762393312468927,-0.431297612175067,-0.702398608196162,0.160034030733401,0.387904527209608,0.486008145842135,0.580372408534018
"CNAG_07605",-0.0940360597227947,0.831365306197767,-0.19409404680461,-0.196313062664586,-0.10517989534084,-0.221330467176693,-0.0737199176407852,0.0159429403223008,-0.105343236703138,0.639552009603184,-0.544373046231913,-0.108484345172381,-0.0379104916115107,0.867889371174766,-0.543658843254888,-0.130306214973876
"CNAG_04583",0.268621081742765,0.226044610453554,0.153819979529962,-0.0837971974355334,0.496704186492599,0.296847186302825,0.581139686698098,0.248991958038859,-0.346787567999983,0.151483149804355,-0.742168159817753,-0.251882356560872,-0.315499528116067,0.311455631003012,-0.881342528324013,-0.113630131811821
"CNAG_06963",0.125236042135752,0.192724758260551,0.0243616553689021,0.510574047769254,0.259214998406513,0.295516115865392,0.260472458904766,0.437532904617135,-0.476261963234803,-0.819868688699404,-0.649754915363999,-0.525839511077453,0.411857976043599,-0.206474538086961,0.247504112155015,-0.0867954530642558
"CNAG_02070",0.169117585072232,-0.0299900262637518,-0.146048415283397,-0.480382130121574,-0.609448788848395,-0.489141534890528,-0.0120348332433355,-0.178964848598127,0.648827621226015,-0.236852538004399,-0.0351760922071946,-0.119585283653393,0.952714989241963,-0.0716385566672617,0.506464181399279,0.132138670841865
"CNAG_03516",0.40473892876048,0.419178173152936,-0.0413165411782206,0.426110327896481,0.394744578941127,0.385346566726689,0.256297375327934,0.367895813421894,0.0314792072744634,0.000719498840732413,-0.420466994968955,-0.00197450880775563,-0.581003134012178,-0.258185579445287,-0.796830244345302,-0.586733467585028
"CNAG_05299",-0.0705419733999406,0.700244076601352,-0.198324641253172,-0.157058635651983,0.0995059290315794,0.0534117767459241,0.444011454929986,0.145238003189341,0.17212588529252,0.501767799976174,-0.758609153558992,-0.0908564093870154,0.136582337222564,0.304376054111835,-0.661712731891472,-0.620159771958706
"CNAG_03983",0.0802441578261863,0.046690332681707,0.0551679498882809,0.00846396052700893,0.448296118809079,0.196678876979936,0.249760970631036,0.144349825907406,-0.38780731453047,-0.66291052075926,-0.797447571381375,-0.673320227560318,0.631564311728155,0.122789722582244,0.332595506218774,0.204883900451609
"CNAG_02495",0.205911320146301,0.191683256020836,0.142128280895086,-0.242441743720846,-0.0994042989124484,-0.160966002454211,0.255464981141195,-0.321159608815206,0.259204405173342,0.531619903868187,-0.612042930536219,-0.112429719515543,0.116807676263154,0.917527485423777,-0.687782001130085,-0.384121003847316
"CNAG_01522",0.462736188691244,-0.594772864437216,0.103819306951179,0.263376765460384,-0.375789663471092,0.407945500465738,0.364783150183294,0.405850515641246,0.124858054978118,0.1153186996742,-0.378937124053881,0.388559250997121,0.335250844534068,-0.576632324352166,-0.540146163105856,-0.506220138156378
"CNAG_05568",-0.282559203876171,0.799566180288382,-0.118762442461011,-0.243484902868701,-0.176505840533007,-0.220055662498895,0.031850182902641,-0.340434568621981,-0.154777296075907,0.769650230209765,-0.211377709609431,-0.395346577055705,0.0897672279068784,0.823132172371614,-0.146303105868604,-0.224358684209859
"CNAG_06150",0.757694025907472,-0.143162614624,-0.0610148659184961,0.144948650372218,-0.437350435292725,0.200207789530687,-0.173615759396807,-0.135101342456577,0.372485889358403,-0.0446263181689428,-0.0599910799230781,0.175514440279354,0.526252076610891,-0.931246093769454,0.308658718878689,-0.499653081387626
"CNAG_02440",0.414066737090295,0.261486983948709,-0.351451241135361,-0.443386254504013,-0.0622621810237129,-0.064404338549803,-0.551587309664339,-0.793092289114787,0.287921553716872,-0.0493350571650648,0.273530009199508,-0.254157205900515,0.696545196524013,-0.053030463719109,0.569864306770827,0.119291553526486
"CNAG_06271",0.0433591438642456,-0.136458268781285,0.31340453293848,-0.0677286773051984,0.344163364936193,-0.167658599241983,0.547680381408719,0.0165884571653274,0.190450861880528,0.0676713484818459,-0.820974611972538,0.106949938512259,0.250337274496526,0.119946544433712,-1.04912323888531,0.241391548068468
"CNAG_02458",-0.0837565458794121,0.548249155865392,-0.381212553998055,-0.310525823779705,-0.18852531011368,0.000860593047191216,-0.166765690993393,-0.28198395426103,0.0769639707430487,0.832502269900424,-0.342910143782027,-0.157727510974485,0.123992484109704,0.903062201969481,-0.270886384800099,-0.301336757053352
"CNAG_06533",-0.0166649522494327,0.20896739943328,0.496039867298828,-0.0269685391638639,0.254784125276054,0.21511226292819,0.384102131241056,-0.024000740618753,-0.504037961059529,0.363815190976696,-0.482661311622008,-0.344092168383461,-0.518664307784675,0.701718461335522,-0.677174237649063,-0.0302752199588472
"CNAG_05903",0.284178492202644,0.257002573941644,-0.0517246388388237,-0.426706532098988,0.299408832792288,0.110597729024112,0.334573459618005,0.253980747550532,0.475302629819479,0.149641141679727,-0.744088428485195,0.18529591185125,0.236220265289161,-0.0816007134383661,-0.933466653018396,-0.348614817889075
"CNAG_02662",0.157636305423242,0.432629078194345,0.197928266572582,0.00406894479366571,0.370324559789983,0.0918790384476242,0.379854110761173,0.299610227299138,-0.0203857959797071,0.198708253018539,-0.839290937761938,-0.280325047248296,-0.267701683527553,0.405721756470109,-0.837627150724057,-0.293029925528852
"CNAG_01275",-0.361139135941131,-0.326151971714313,-0.484196998044024,-0.30624592139687,-0.1692278453219,-0.356003755328012,-0.382186689384692,-0.256501747121579,0.272033571144682,0.0101344205393454,0.315520378934062,-0.0167599838430483,0.659795548605929,0.122771043836884,0.864186049561655,0.413973035473013
"CNAG_04345",0.00543074624749629,0.0128454441370423,0.175393322378712,0.344645064822998,-0.0839580464591556,0.150963911555689,0.145732130698784,0.0927102506625328,-0.568837690784926,-0.757539344914656,-0.425727231453716,-0.675319612233001,0.405325417995414,0.157151001163752,0.59672283822966,0.424461797953377
"CNAG_00872",-0.198124170292967,-0.147029956778663,-0.0623387351985443,-0.257246609112299,-0.200227063542984,-0.238933512338159,-0.206039728109063,-0.297795434132258,-0.177258796242043,-0.0372012772198946,0.867928287829715,-0.271406709798439,-0.217130715201174,0.115694399335757,1.05574969150751,0.271360329293504
"CNAG_02749",0.326064493562997,0.256269680768305,0.130678428737406,-0.417062128077067,0.310154935352088,-0.0381918325292006,0.491846995954569,-0.0600022852941766,0.496036631645351,0.104645520420698,-0.753614998144643,-0.0467477818920976,0.145085305584633,0.218586965843931,-0.885302930483112,-0.278447001449672
"CNAG_03524",0.0154587296607973,0.894434318090258,-0.215437221669687,0.101450181922289,-0.195813759619633,-0.0611713665249773,-0.100172475365635,-0.149855941612973,-0.00503391213160675,0.847876817285707,-0.326371847501673,-0.143553375289105,-0.070236756423502,0.398079811780268,-0.512190622151005,-0.477462580449519
"CNAG_06888",0.0337148645466865,-0.0778426890709607,0.341644508759456,-0.189952891070138,0.111471939737847,-0.0484695558896675,0.165181161668777,0.0910072922876992,0.0166158534800633,0.0981815478916186,-0.752944045237347,-4.9989832881181e-05,0.178465374316195,0.649523683873721,-1.01377274515515,0.397225689694098
"CNAG_01619",-0.263984134431144,-0.408117850749376,-0.205525752050484,-0.0983903463015672,-0.439087689365559,-0.229462382544604,-0.350469764255701,-0.198561855419204,0.53488461849186,0.58121984145323,0.665797423114814,0.729538188431475,-0.31870865502443,-0.0570430895872214,0.0917463571861461,-0.0338349089482222
"CNAG_00039",0.0611796043575037,0.49605046032498,-0.0107609075898747,-0.185932247556824,0.0755727436827325,-0.00899958604467344,0.38153352419997,-0.0934266464925013,-0.0305559630749563,0.438397735552321,-0.989783903858506,-0.0181242922171876,-0.0856046658502256,0.685793306915691,-0.527229963179549,-0.188109199168895
"CNAG_03412",0.397180053177234,0.291660843728916,-0.215834307046108,-0.184134632918913,-0.303096704296546,0.174773498504293,0.368646478825462,-0.1219797588041,0.532114419813223,0.691999822717265,-0.61513740180928,-0.0843070151241809,0.241244608485601,-0.0912225045844277,-0.521616701215373,-0.560290699453073
"CNAG_00442",-0.531922699103847,-0.250691234098566,-0.335365845133122,-0.149011511608887,-0.431463911235333,-0.316069069390824,-0.48325709938705,-0.298142371376178,0.25703105430695,0.243419262507478,0.718039554572279,0.266288423290455,0.238994028380901,0.153174137976341,0.668585432275039,0.250391848024371
"CNAG_01537",0.253144696803479,0.396986506805368,-0.0561326745295343,-0.221692729042567,0.19982644849471,0.228011634797381,0.29343313884847,-0.258124529544167,0.503983398106091,0.432148243107468,-0.74538260024952,0.17264787554113,0.0938192864824234,-0.0103432891015247,-0.684506257722028,-0.597819148797184
"CNAG_04175",0.0224671310898383,0.605673120646887,-0.0334068289419545,0.0445158445374041,0.0374465841207794,0.161852298693413,0.345835218247851,0.180972139962144,0.0852406848004037,0.303794914711082,-0.925421782329391,-0.0488023960133326,0.0321016847997644,0.370592129137124,-0.719727921636402,-0.463132821825612
"CNAG_07410",-0.642116592544816,-0.620161539193312,-0.781729690725562,-0.57933900007072,0.137062014172217,0.219222147537872,0.256177662109939,0.276005022176204,0.108408615469047,0.195392891917189,0.214733982910804,0.352921427482952,0.111120789704197,0.241635802781838,0.203323113397945,0.307343352874211
"CNAG_03906",0.0896827457923006,0.480510772919061,0.293899613198805,0.148788585183126,0.359854947721092,0.203201058521722,0.479172173402354,0.400319550810656,-0.35742026065074,0.0145602653390515,-0.576359563347696,-0.214976335257762,-0.618825493936435,0.282224398779923,-0.575868206101576,-0.408764252373878
"CNAG_04795",0.0608110260145587,0.673135679722262,-0.245989301140982,-0.403952133459685,0.235117474401511,-0.0720993810169341,0.522816445894206,-0.238769545414913,0.294788966941488,0.253255073526855,-0.575804777840224,-0.0887863061753116,0.105264095554266,0.50361499218682,-0.622298857225418,-0.401103451968498
"CNAG_00450",-0.355070347348541,-0.41542365542132,0.101363696693841,-0.0960400976479541,-0.377113755810168,-0.158854164364492,-0.231045172740474,-0.385563392947013,-0.359304393106795,-0.0401443353409334,0.638319935443628,-0.238116864193685,0.139401075695796,0.545183586098043,0.585228198006648,0.647179686983423
"CNAG_01611",-0.122307104922478,-0.302067686645812,-0.148231714453158,-0.16666191992949,-0.161984388409016,-0.116861417422351,-0.178529524582358,-0.0739083447487312,0.649278912788914,0.493310058685206,0.689509094396559,0.699587438891481,-0.331057155407848,-0.527966581709095,-0.253086612103467,-0.149023054428359
"CNAG_05302",0.286753823756387,-0.367450267210172,-0.0109345943974741,0.461835635615978,-0.55947722526432,0.307353855233105,0.206325793792667,0.378877402054899,-0.443011498070247,-0.00597364849295801,0.385024827594233,0.275993606776252,0.223492017782609,-0.612180166670416,0.137943663677296,-0.664573226177847
"CNAG_00985",-0.069484055229295,0.818656876016801,-0.368279432253841,-0.0715507270557829,-0.559274452615565,-0.270647914549196,-0.109594467293936,-0.268110835824346,-0.141035526145171,0.648086403193803,-0.210275639979219,0.178420383377337,0.134921612385125,0.646582480991044,-0.0865459111908526,-0.271868793826912
"CNAG_01464",-0.172506934826323,-0.26717535879386,0.499804805243675,-0.25961543757732,-0.419151986992492,-0.461888364446674,-0.4068209911326,-0.439396205719815,-0.183414757029041,0.0970277284016721,0.393805808483826,0.0312349901380191,-0.0419136540332961,0.39034669399283,0.711070089303737,0.52859357498766
"CNAG_06621",0.216850906704398,0.0181230880707481,0.175691446744018,0.254701475623898,0.273439357802728,0.225722782114845,0.108588890443141,0.217709779853873,-0.607778637973757,-0.707749623338708,-0.629272314573958,-0.631361453847367,0.191103891523278,0.284534199699268,0.262988671235123,0.34670753991848
"CNAG_04978",-0.0898382164667098,-0.389877321468192,-0.273481889957115,-0.511859753647309,-0.215859970143399,-0.365755189267484,-0.489857866074221,-0.407629557050209,0.145329594605515,0.256808489064648,0.141194418445448,0.167591238249216,0.354268914218356,0.607207878832972,0.591093749177863,0.480665481480627
"CNAG_07755",0.189393232404579,-0.199946408110452,-0.0919440124940945,-0.328347883064063,-0.103876634527334,-0.46933567343932,-0.372229988785485,-0.575890342866408,0.348895790417091,-0.254493552599841,0.383649216060472,0.0284369796239021,0.770896608091036,-0.0763911635471901,0.667437158886734,0.0837466739503698
"CNAG_06298",0.219010535878333,-0.350943863573772,0.1981647724905,-0.351946179741665,-0.689727370987903,-0.530992166479807,0.0390188619536378,-0.116696861492871,0.353267264855992,-0.0432790621123686,0.538939890487315,0.195105291395631,0.421938785338734,-0.52295457626442,0.487750996619566,0.153343681633089
"CNAG_01663",-0.199103815546602,0.605605714619975,-0.110302120711038,-0.0180332462219726,-0.130853204516725,0.0164212054044652,0.284681812102369,0.00729249535599319,-0.198770793655026,0.765280947320051,-0.0864933943489561,-0.291282949871572,-0.11407611395446,0.587937207937329,-0.41564855432101,-0.702655189592821
"CNAG_04894",-0.321223036748372,1.00777603285948,-0.30265777908306,-0.127909683013042,-0.133732742013618,-0.227988173976752,0.0876370711312404,-0.239620938139047,0.105668111274168,0.629468060383861,-0.364372388540016,-0.0111853176936938,-0.00147286831266769,0.44338525611361,-0.229608095589753,-0.314163508652334
"CNAG_01520",-0.216627193403905,0.297468780800642,-0.171571026586537,-0.170087871684117,-0.454731504104855,-0.194897814248451,-0.235610891912073,-0.273478276736163,0.192515338385133,0.847795918915857,-0.282060981083615,0.0710942428313404,0.304757389621644,0.766141871849148,-0.0902337008577572,-0.390474281786289
"CNAG_05060",-0.0810720570367054,0.865555465466223,-0.0824190357180141,-0.22240293967293,-0.0811541800540945,-0.210653972340935,-0.13367233973675,-0.16819005832422,0.00499643413619699,0.628904367894735,-0.402860070969103,-0.125024861459203,-0.0385601469431438,0.724670660625307,-0.370324240828439,-0.307793025038924
"CNAG_01667",-0.196605289915892,0.603549053841174,-0.244846585206902,-0.242639086347777,-0.38488423212973,-0.199658737908345,0.137540015744118,-0.268260649881123,-0.0458517447368081,0.826878839710307,-0.114542503012624,-0.292221598480578,0.0297515214815256,0.761932293392327,-0.217271644127303,-0.152869652422362
"CNAG_03872",0.512335756877524,0.172959584170342,0.39877193823513,0.141597496081635,0.383633249323258,0.224419094416897,0.257911191648924,0.212203499617034,-0.45252015387571,-0.041407708325659,-0.66898658877013,-0.131488542285761,-0.495928319838439,0.233585084930354,-0.685465524431053,-0.0616200577743502
"CNAG_04475",-0.288728282247184,0.0247741533919061,-0.459488154473539,-0.369044426724192,-0.496167397871545,-0.35993277045426,-0.253909542474561,-0.31959664470341,0.31412146092059,-0.0871647548370831,0.196313229594274,0.185023586258181,0.667276482722745,0.283856847365281,0.649883956481634,0.31278225705117
"CNAG_00765",-0.336229071816205,-0.102382347459571,-0.35750351985836,-0.189457839780441,-0.2103262393119,-0.248284809074142,-0.457614325511379,-0.369900063737329,0.485162064201189,-0.0208645978643993,0.428710760702822,0.132873138455304,0.817389125127565,-0.144304604796763,0.573132551920884,-0.00040022119728178
"CNAG_07859",-0.0317714106872184,0.743083996806194,0.0536647298516257,-0.0856647403590234,-0.120098585106367,-0.101639811304681,0.0669992168874662,-0.0885993173915436,-0.0202594617322456,0.771936352807624,-0.662446617683043,-0.0713970245520192,-0.0309526338306618,0.427103553216202,-0.456981332843395,-0.39297691407891
"CNAG_04301",-0.00715630059699279,0.791057699533133,-0.114269209107634,-0.198736627074358,0.0252797472425437,-0.0172935873770692,0.138016695916109,0.0584916887952796,0.0976820770736042,0.669082660111077,-0.493297217347257,-0.325297966894661,0.126570756826162,0.30435662399635,-0.552622460299706,-0.50186458079658
"CNAG_00537",0.115977611203098,0.145231162672013,0.433364783198463,-0.00144153098938382,0.439694758159656,0.384079987953926,-0.015562577178672,0.155547019351618,-0.41771618818788,-0.0243002754623483,-0.643639663381527,-0.335866274634334,-0.367278536161043,0.735751498371129,-0.412282837742067,-0.19155893717264
"CNAG_07005",-0.296382203714707,-0.345034774942504,-0.460642958261557,-0.464013591069653,0.284718562930216,0.25068601413579,0.317661565043479,0.0956475397671479,-0.28042084038503,-0.381508797240715,-0.364257542370782,-0.211068656112059,0.557117644999492,0.347064250757525,0.466465698459378,0.483968088003982
"CNAG_01137",0.170992292515391,0.00852457820974806,0.538997170668004,0.0944177361596275,0.473400694200951,0.296911519941141,0.439589797553186,0.11825795326132,-0.601377631511005,-0.0288817156673584,-0.309493388392065,-0.333704294217139,-0.566404855284745,0.238349542458835,-0.608245085620707,0.0686656857248291
"CNAG_02103",0.198284666415434,0.734456587577789,0.0725098700377114,-0.0876646288389074,-0.174564262239781,-0.116384719355554,0.0743251588378353,-0.142091646901783,-0.00934129210306711,0.441342043155647,-0.55402513257668,0.0165277673589994,-0.413111051173,0.72630543111403,-0.428679388449353,-0.337889402859326
"CNAG_04339",-0.0399493696223541,0.801257100118187,-0.247366512426002,-0.437209939021273,-0.238954851749047,-0.0522968428133952,-0.223043177636963,-0.141358760321448,0.0981475653195423,0.505113836714498,-0.484619710298527,-0.14960044169779,0.165704976778312,0.734763765997433,-0.174171272705817,-0.116416366635359
"CNAG_00879",-0.051351309620161,0.657047050718975,-0.133917723109007,-0.239581178000747,0.209152464391419,0.0399272404607798,-0.17580945096144,-0.273345737533774,0.143230177911962,0.6701087686364,-0.469089344805223,-0.205075124047473,0.0291248385974532,0.637230786647462,-0.470444920964098,-0.367206538322534
"CNAG_05653",0.048319615148058,0.0676215285423307,0.545153074609989,0.0523118576365702,0.36384083259267,0.360954892054274,0.401287494184793,0.485875939972994,-0.341411886094474,0.105849423692374,-0.5058454121918,-0.193901641189707,-0.513891869694276,0.0183532502456423,-0.670114358720324,-0.224402740789118
"CNAG_01753",0.16096225684762,0.115614884257498,0.258267141483612,-0.0492985713219039,0.347074017055798,0.205421983662148,0.342338195814625,0.277885810259271,-0.52330646735491,-0.114976426284176,-0.618400474017735,-0.297003242683328,-0.52087788656103,0.498428532890824,-0.485738159170747,0.403608405122432
"CNAG_01334",0.53498210628026,0.830343826167857,-0.182584339802768,-0.27531088413094,0.373330863857604,0.464607773741007,-0.147537393520209,0.0403907555757517,-0.248538938295217,0.0532985160626085,-0.383226944929939,-0.240725791808869,-0.220903485271255,0.149350892976631,-0.542813507903102,-0.204663448999428
"CNAG_04626",-0.133984473364311,0.506347753971309,0.307621633932298,0.0652069851567001,0.24550582966422,0.424898974229332,0.553481355982206,0.328277311937588,-0.123385333732935,0.00514785544020313,-0.580804557927063,-0.230931311979425,-0.101720205071279,-0.102401939576696,-0.636930196229081,-0.526329682433064
"CNAG_06493",0.26801086050991,0.161025621841387,0.15091999358932,-0.342493403295062,0.153772083608705,-0.0330927936528136,0.421764685830943,0.0998064866004276,0.438805380149787,0.131443241056872,-0.195380611819494,0.0521121632524659,0.193780657355831,-0.14264209387788,-1.15494844760438,-0.202883823546024
"CNAG_05292",0.0220680731768894,0.574732806457909,-0.144645529273744,-0.167518762388477,-0.136506384796986,-0.116437049980455,-0.102142406036698,-0.215292452661711,-0.0206841070501955,0.620363562002453,-0.613832254819838,-0.387642757556621,0.292836230851453,0.749342723082117,-0.0362730225193175,-0.318368668486775
"CNAG_00079",0.0589513474041894,-0.0637215988315951,0.402178631689493,0.416730748024728,-0.154401737492547,-0.0837917591276884,-0.0829146737655257,0.237743252908494,-0.493412961658418,-0.664926936328072,-0.311591037607045,-0.616077679183121,0.141199866962175,0.329228890844949,0.516009993038223,0.368795653121751
"CNAG_01798",0.286265150906702,-0.198404114987139,-0.027834352292829,0.163536092046834,-0.0736737908576073,0.251999291475865,0.124733863415124,0.451634856537489,0.433673006045915,-0.0426697918251122,-0.556370283205645,0.459324758893409,0.300308053711754,-0.456572783975048,-0.73089628580005,-0.385053670089668
"CNAG_04325",0.0346804632671089,-0.0939228212933427,-0.103644893827419,-0.296783501862169,-0.418126053733436,-0.30898173384442,-0.532025682815754,-0.47528646038789,0.176518180878659,-0.127848386304931,0.494706952615274,-0.0325465780948839,0.461189376880542,0.190880802492607,0.79996697838284,0.231223357647212
"CNAG_00328",0.0895200216627403,0.32067265502341,0.221197211946893,-0.176176515387041,0.0340215950916276,0.0630102242654891,0.295340035055784,-0.0260426995567853,0.125226263788097,0.503218808439068,-0.625200139100552,-0.21418328784145,-0.149101192822657,0.675751246712652,-0.634093080138939,-0.503161147138334
"CNAG_01896",0.160097158471258,0.206868115494567,-0.0233236345216099,-0.171018334233208,0.187355516322203,0.253463299316536,0.300019525298442,0.333825259021408,0.316760229622217,-0.0555336585494608,-0.69748936833205,0.248970581179096,0.256788212763242,-0.264903713138429,-0.960616978403903,-0.09126221031031
"CNAG_00378",-0.0558491394026639,0.703765948573777,-0.0831258585358743,-0.187615867927727,-0.242656050668288,-0.0696806779155956,0.107281243809609,-0.156429759740183,0.0925391958275963,0.599896542020176,-0.443524167018339,-0.186102897734527,-0.000731858321024959,0.737136302680939,-0.432784911628559,-0.382118044019322
